{
    "skeleton": {
        "hash": "OOLZZ3KxHqWoLkvEEXM4puFCeSI",
        "spine": "3.7.94",
        "width": 146.44,
        "height": 198.2,
        "images": "./Quarter Back/",
        "audio": "D:/Daily Doodle/Commissions/2D isometric sprites/marine quarter"
    },
    "bones": [
        {
            "name": "root",
            "x": 0
        },
        {
            "name": "bone",
            "parent": "root",
            "x": 8.95,
            "y": 79.24
        },
        {
            "name": "chest",
            "parent": "bone",
            "length": 36.28,
            "rotation": 89.98,
            "x": 1.15,
            "y": 5.2
        },
        {
            "name": "chest2",
            "parent": "chest",
            "x": 40.4,
            "y": 0.06
        },
        {
            "name": "chest4",
            "parent": "chest2",
            "x": -3.31,
            "y": -23.04
        },
        {
            "name": "chest5",
            "parent": "chest2",
            "x": -12.76,
            "y": 18.79
        },
        {
            "name": "Side_0010_Layer-11",
            "parent": "chest5",
            "length": 24.44,
            "rotation": -98.29,
            "x": -1.72,
            "y": 12.99,
            "transform": "onlyTranslation"
        },
        {
            "name": "quarter_0002_Layer-1---3",
            "parent": "chest4",
            "length": 29.53,
            "rotation": 17.81,
            "x": 8.73,
            "y": -3.46,
            "transform": "noRotationOrReflection"
        },
        {
            "name": "Side_0007_Layer-12",
            "parent": "Side_0010_Layer-11",
            "length": 27.95,
            "rotation": -121.21,
            "x": 18.73,
            "y": 3.14,
            "scaleX": 0.589,
            "transform": "onlyTranslation"
        },
        {
            "name": "Side_0009_Layer-11-copy",
            "parent": "chest4",
            "length": 22.02,
            "rotation": -91.4,
            "x": -5.09,
            "y": -7.9,
            "transform": "onlyTranslation"
        },
        {
            "name": "quarter_0001_Layer-1---2",
            "parent": "chest5",
            "length": 25.42,
            "rotation": 149.15,
            "x": 7.33,
            "y": 3.46,
            "transform": "noRotationOrReflection"
        },
        {
            "name": "Side_0006_Layer-12-copy",
            "parent": "Side_0009_Layer-11-copy",
            "length": 18.06,
            "rotation": 100.65,
            "x": 22.31,
            "y": -3.14,
            "transform": "onlyTranslation"
        },
        {
            "name": "hand",
            "parent": "Side_0006_Layer-12-copy",
            "length": 20.22,
            "rotation": -60.86,
            "x": 19.4,
            "y": 2.24,
            "transform": "noScale"
        },
        {
            "name": "gun",
            "parent": "Side_0007_Layer-12",
            "length": 27.34,
            "rotation": 12.91,
            "x": 21.31,
            "y": -5.66,
            "transform": "onlyTranslation"
        },
        {
            "name": "chest3",
            "parent": "chest",
            "length": 47.97,
            "rotation": 100.8,
            "x": 48.55,
            "y": -0.41,
            "transform": "noRotationOrReflection"
        },
        {
            "name": "Gun2",
            "parent": "root",
            "length": 38.28,
            "rotation": -156.86,
            "x": 12.88,
            "y": 98.21
        },
        {
            "name": "Gun3",
            "parent": "root",
            "length": 69.87,
            "rotation": -158.73,
            "x": -38.75,
            "y": 75.08
        },
        {
            "name": "Legs-BackQ_0003_Layer-51",
            "parent": "bone",
            "length": 29.19,
            "rotation": -99.55,
            "x": -9.23,
            "y": -5
        },
        {
            "name": "Legs-BackQ_0002_Layer-52",
            "parent": "Legs-BackQ_0003_Layer-51",
            "length": 39.94,
            "rotation": 1.42,
            "x": 29.81,
            "y": -0.44
        },
        {
            "name": "Legs-BackQ_0002_Layer-53",
            "parent": "root",
            "rotation": -98.13,
            "x": -11.57,
            "y": 5.11,
            "color": "ff3f00ff"
        },
        {
            "name": "Legs-BackQ_0001_Layer-53",
            "parent": "bone",
            "length": 28.12,
            "rotation": -87.3,
            "x": 16.93,
            "y": 0.4
        },
        {
            "name": "Legs-BackQ_0000_Layer-54",
            "parent": "Legs-BackQ_0001_Layer-53",
            "length": 41.01,
            "rotation": 8.1,
            "x": 28.37,
            "y": -0.28
        },
        {
            "name": "bone2",
            "parent": "root",
            "x": 29.64,
            "y": 11.01,
            "color": "ff3f00ff"
        },
        {
            "name": "Legs-BackQ_0002_Layer-54",
            "parent": "Legs-BackQ_0002_Layer-52",
            "length": 21.6,
            "rotation": 166.2,
            "x": 39.84,
            "y": -4.12,
            "transform": "onlyTranslation"
        },
        {
            "name": "Legs-BackQ_0000_Layer-55",
            "parent": "Legs-BackQ_0000_Layer-54",
            "length": 18.43,
            "rotation": 153.95,
            "x": 39.73,
            "y": -3.08,
            "transform": "onlyTranslation"
        },
        {
            "name": "gun2",
            "parent": "bone",
            "length": 68.09,
            "rotation": 131.92,
            "x": -7.84,
            "y": 25.79
        }
    ],
    "slots": [
        {
            "name": "drop shadow",
            "bone": "root",
            "attachment": "drop shadow"
        },
        {
            "name": "front_0001_Layer-17",
            "bone": "gun",
            "attachment": "front_0001_Layer-17"
        },
        {
            "name": "Side_0006_Layer-12-copy",
            "bone": "Side_0006_Layer-12-copy",
            "attachment": "Side_0006_Layer-12-copy"
        },
        {
            "name": "hand",
            "bone": "hand",
            "attachment": "hand"
        },
        {
            "name": "Side_0009_Layer-11-copy",
            "bone": "Side_0009_Layer-11-copy",
            "attachment": "Side_0009_Layer-11-copy"
        },
        {
            "name": "quarter_0001_Layer-1---2",
            "bone": "quarter_0002_Layer-1---3",
            "attachment": "quarter_0001_Layer-1---2"
        },
        {
            "name": "Legs-BackQ_0001_Layer-53",
            "bone": "Legs-BackQ_0001_Layer-53",
            "attachment": "Legs-BackQ_0001_Layer-53"
        },
        {
            "name": "Legs-BackQ_0000_Layer-54",
            "bone": "Legs-BackQ_0000_Layer-54",
            "attachment": "Legs-BackQ_0000_Layer-54"
        },
        {
            "name": "Legs-BackQ_0003_Layer-51",
            "bone": "Legs-BackQ_0003_Layer-51",
            "attachment": "Legs-BackQ_0003_Layer-51"
        },
        {
            "name": "Legs-BackQ_0002_Layer-52",
            "bone": "Legs-BackQ_0002_Layer-52",
            "attachment": "Legs-BackQ_0002_Layer-52"
        },
        {
            "name": "quarter_0000_Layer-1---1",
            "bone": "chest3",
            "attachment": "quarter_0000_Layer-1---1"
        },
        {
            "name": "Side_0007_Layer-12",
            "bone": "Side_0007_Layer-12",
            "attachment": "Side_0007_Layer-12"
        },
        {
            "name": "gun2",
            "bone": "gun2"
        },
        {
            "name": "gun",
            "bone": "gun2"
        },
        {
            "name": "chest",
            "bone": "chest",
            "attachment": "chest"
        },
        {
            "name": "Side_0010_Layer-11",
            "bone": "Side_0010_Layer-11",
            "attachment": "Side_0010_Layer-11"
        },
        {
            "name": "quarter_0001_Layer-1---3",
            "bone": "quarter_0001_Layer-1---2",
            "attachment": "quarter_0002_Layer-1---3"
        },
        {
            "name": "quarter_0002_Layer-1---3",
            "bone": "quarter_0002_Layer-1---3"
        },
        {
            "name": "Gun2",
            "bone": "Gun2"
        },
        {
            "name": "muzzle flash",
            "bone": "Gun3",
            "color": "ffffffb8",
            "blend": "additive"
        }
    ],
    "ik": [
        {
            "name": "footB",
            "order": 1,
            "bones": [
                "Legs-BackQ_0001_Layer-53",
                "Legs-BackQ_0000_Layer-54"
            ],
            "target": "bone2"
        },
        {
            "name": "footF",
            "order": 0,
            "bones": [
                "Legs-BackQ_0003_Layer-51",
                "Legs-BackQ_0002_Layer-52"
            ],
            "target": "Legs-BackQ_0002_Layer-53"
        }
    ],
    "skins": {
        "default": {
            "Legs-BackQ_0000_Layer-54": {
                "Legs-BackQ_0000_Layer-54": {
                    "type": "mesh",
                    "uvs": [
                        0.12848,
                        0.89368,
                        0.00605,
                        0.84064,
                        0.05199,
                        0.67136,
                        0.1653,
                        0.64464,
                        0.26024,
                        0.64464,
                        0.26024,
                        0.61256,
                        0.13161,
                        0.59296,
                        0.092,
                        0.48786,
                        0.05505,
                        0.38984,
                        0.02136,
                        0.25798,
                        0.07649,
                        0.11366,
                        0.33067,
                        0.01744,
                        0.5818,
                        0.01031,
                        0.79005,
                        0.0994,
                        0.84517,
                        0.22235,
                        0.86366,
                        0.33527,
                        0.8758,
                        0.40944,
                        1,
                        0.48784,
                        0.93092,
                        0.58049,
                        0.95236,
                        0.71413,
                        0.96461,
                        0.83351,
                        0.95236,
                        0.9422,
                        0.7778,
                        0.98674,
                        0.5328,
                        0.99743,
                        0.29392,
                        0.96536,
                        0.27861,
                        0.78184,
                        0.21736,
                        0.69631,
                        0.12242,
                        0.75867,
                        0.50523,
                        0.87805,
                        0.79005,
                        0.86736,
                        0.75942,
                        0.7462,
                        0.48686,
                        0.76224,
                        0.43786,
                        0.6482,
                        0.76555,
                        0.61969,
                        0.76555,
                        0.511,
                        0.40723,
                        0.54307,
                        0.18674,
                        0.53238,
                        0.1653,
                        0.3738,
                        0.12242,
                        0.24017,
                        0.3858,
                        0.34529,
                        0.66755,
                        0.33104,
                        0.61855,
                        0.19027,
                        0.34905,
                        0.20987,
                        0.32761,
                        0.10653,
                        0.60323,
                        0.09049,
                        0.17999,
                        0.85013
                    ],
                    "triangles": [
                        24,
                        28,
                        23,
                        0,
                        45,
                        24,
                        45,
                        25,
                        24,
                        28,
                        25,
                        31,
                        28,
                        24,
                        25,
                        45,
                        0,
                        27,
                        0,
                        1,
                        27,
                        25,
                        27,
                        26,
                        25,
                        45,
                        27,
                        1,
                        2,
                        27,
                        26,
                        4,
                        25,
                        25,
                        4,
                        32,
                        27,
                        3,
                        26,
                        27,
                        2,
                        3,
                        26,
                        3,
                        4,
                        22,
                        23,
                        29,
                        22,
                        29,
                        21,
                        29,
                        23,
                        28,
                        21,
                        29,
                        20,
                        28,
                        30,
                        29,
                        28,
                        31,
                        30,
                        29,
                        30,
                        20,
                        30,
                        19,
                        20,
                        25,
                        32,
                        31,
                        30,
                        31,
                        33,
                        30,
                        33,
                        19,
                        33,
                        31,
                        32,
                        33,
                        18,
                        19,
                        32,
                        5,
                        35,
                        33,
                        32,
                        34,
                        32,
                        4,
                        5,
                        32,
                        35,
                        34,
                        33,
                        34,
                        18,
                        6,
                        36,
                        5,
                        5,
                        36,
                        35,
                        6,
                        7,
                        36,
                        34,
                        16,
                        18,
                        18,
                        16,
                        17,
                        36,
                        39,
                        35,
                        35,
                        40,
                        34,
                        35,
                        39,
                        40,
                        7,
                        37,
                        36,
                        36,
                        37,
                        39,
                        16,
                        40,
                        15,
                        16,
                        34,
                        40,
                        7,
                        8,
                        37,
                        8,
                        38,
                        37,
                        8,
                        9,
                        38,
                        37,
                        42,
                        39,
                        37,
                        38,
                        42,
                        39,
                        41,
                        40,
                        39,
                        42,
                        41,
                        40,
                        14,
                        15,
                        40,
                        41,
                        14,
                        9,
                        10,
                        38,
                        38,
                        43,
                        42,
                        38,
                        10,
                        43,
                        41,
                        13,
                        14,
                        42,
                        43,
                        44,
                        42,
                        44,
                        41,
                        12,
                        43,
                        11,
                        43,
                        12,
                        44,
                        41,
                        44,
                        13,
                        43,
                        10,
                        11,
                        13,
                        44,
                        12
                    ],
                    "vertices": [
                        1,
                        24,
                        8.63,
                        7.96,
                        1,
                        1,
                        24,
                        13.43,
                        7.06,
                        1,
                        2,
                        21,
                        28.45,
                        -14.88,
                        0.00389,
                        24,
                        16.2,
                        -1.95,
                        0.99611,
                        2,
                        21,
                        27.69,
                        -11.04,
                        0.10705,
                        24,
                        13.59,
                        -4.86,
                        0.89295,
                        2,
                        21,
                        28.26,
                        -8.06,
                        0.46043,
                        24,
                        10.86,
                        -6.2,
                        0.53957,
                        2,
                        21,
                        26.52,
                        -7.73,
                        0.77306,
                        24,
                        11.64,
                        -7.78,
                        0.22694,
                        2,
                        21,
                        24.69,
                        -11.57,
                        0.93613,
                        24,
                        15.81,
                        -6.94,
                        0.06387,
                        2,
                        21,
                        18.78,
                        -11.73,
                        0.98788,
                        24,
                        19.48,
                        -11.58,
                        0.01212,
                        2,
                        21,
                        13.26,
                        -11.88,
                        0.99994,
                        24,
                        22.91,
                        -15.9,
                        0.00006,
                        1,
                        21,
                        5.93,
                        -11.58,
                        1,
                        1,
                        21,
                        -1.53,
                        -8.36,
                        1,
                        1,
                        21,
                        -5.21,
                        0.62,
                        1,
                        1,
                        21,
                        -4.09,
                        8.59,
                        1,
                        1,
                        21,
                        1.98,
                        14.22,
                        1,
                        1,
                        21,
                        8.95,
                        14.68,
                        1,
                        1,
                        21,
                        15.16,
                        14.1,
                        1,
                        1,
                        21,
                        19.24,
                        13.72,
                        1,
                        1,
                        21,
                        24.22,
                        16.81,
                        1,
                        1,
                        21,
                        28.81,
                        13.69,
                        1,
                        1,
                        21,
                        36.16,
                        12.98,
                        1,
                        1,
                        21,
                        42.68,
                        12.14,
                        1,
                        1,
                        21,
                        48.48,
                        10.63,
                        1,
                        2,
                        21,
                        49.84,
                        4.69,
                        0.97708,
                        24,
                        -12.28,
                        3.43,
                        0.02292,
                        2,
                        21,
                        48.95,
                        -3.12,
                        0.54358,
                        24,
                        -5.5,
                        7.41,
                        0.45642,
                        2,
                        21,
                        45.79,
                        -10.3,
                        0.03343,
                        24,
                        2.14,
                        9.18,
                        0.96657,
                        1,
                        24,
                        7.02,
                        0.33,
                        1,
                        2,
                        21,
                        30.79,
                        -9.94,
                        0.12427,
                        24,
                        10.84,
                        -3.04,
                        0.87573,
                        1,
                        24,
                        12.07,
                        1.38,
                        1,
                        2,
                        21,
                        42.34,
                        -2.76,
                        0.34041,
                        24,
                        -1.82,
                        1.89,
                        0.65959,
                        1,
                        21,
                        43.47,
                        6.3,
                        1,
                        1,
                        21,
                        36.74,
                        6.59,
                        1,
                        2,
                        21,
                        35.97,
                        -2.14,
                        0.6658,
                        24,
                        1.5,
                        -3.57,
                        0.3342,
                        2,
                        21,
                        29.51,
                        -2.51,
                        0.87923,
                        24,
                        5.67,
                        -8.52,
                        0.12077,
                        1,
                        21,
                        29.94,
                        8.08,
                        1,
                        1,
                        21,
                        24.07,
                        9.21,
                        1,
                        2,
                        21,
                        23.65,
                        -2.39,
                        0.98014,
                        24,
                        9.09,
                        -13.28,
                        0.01986,
                        2,
                        21,
                        21.75,
                        -9.21,
                        0.96155,
                        24,
                        15.68,
                        -10.71,
                        0.03845,
                        1,
                        21,
                        13.05,
                        -8.25,
                        1,
                        1,
                        21,
                        5.58,
                        -8.22,
                        1,
                        1,
                        21,
                        12.84,
                        -1.02,
                        1,
                        1,
                        21,
                        13.76,
                        7.98,
                        1,
                        1,
                        21,
                        5.86,
                        7.89,
                        1,
                        1,
                        21,
                        5.3,
                        -0.78,
                        1,
                        1,
                        21,
                        -0.41,
                        -0.39,
                        1,
                        1,
                        21,
                        0.37,
                        8.44,
                        1,
                        1,
                        24,
                        8.2,
                        5.09,
                        1
                    ],
                    "hull": 25,
                    "edges": [
                        2,
                        4,
                        4,
                        6,
                        6,
                        8,
                        8,
                        10,
                        10,
                        12,
                        16,
                        18,
                        18,
                        20,
                        20,
                        22,
                        22,
                        24,
                        24,
                        26,
                        26,
                        28,
                        32,
                        34,
                        34,
                        36,
                        36,
                        38,
                        38,
                        40,
                        40,
                        42,
                        42,
                        44,
                        44,
                        46,
                        46,
                        48,
                        8,
                        50,
                        12,
                        14,
                        14,
                        16,
                        28,
                        30,
                        30,
                        32,
                        2,
                        0,
                        0,
                        48
                    ],
                    "width": 32,
                    "height": 55
                }
            },
            "Legs-BackQ_0001_Layer-53": {
                "Legs-BackQ_0001_Layer-53": {
                    "x": 15.4,
                    "y": -1.19,
                    "rotation": 87.3,
                    "width": 29,
                    "height": 50
                }
            },
            "Legs-BackQ_0002_Layer-52": {
                "Legs-BackQ_0002_Layer-52": {
                    "type": "mesh",
                    "uvs": [
                        0.36364,
                        0.05038,
                        0.55074,
                        0,
                        0.82516,
                        0.00442,
                        0.98316,
                        0.13944,
                        0.98714,
                        0.29059,
                        0.99148,
                        0.45544,
                        0.98316,
                        0.57609,
                        0.9,
                        0.63355,
                        0.87921,
                        0.79729,
                        0.83763,
                        0.92082,
                        0.70874,
                        0.99264,
                        0.33037,
                        0.99551,
                        0.07674,
                        0.95242,
                        0,
                        0.86336,
                        0.01437,
                        0.75995,
                        0.13079,
                        0.68238,
                        0.28048,
                        0.67951,
                        0.28048,
                        0.60482,
                        0.20148,
                        0.52438,
                        0.25553,
                        0.39798,
                        0.268,
                        0.21987,
                        0.29299,
                        0.78873,
                        0.16437,
                        0.79914,
                        0.48223,
                        0.86081,
                        0.69848,
                        0.86068,
                        0.49036,
                        0.71129,
                        0.72731,
                        0.708,
                        0.43629,
                        0.56837,
                        0.74841,
                        0.57553,
                        0.44933,
                        0.44464,
                        0.7572,
                        0.44898,
                        0.4651,
                        0.27202,
                        0.77356,
                        0.29647,
                        0.49876,
                        0.14226,
                        0.77753,
                        0.147
                    ],
                    "triangles": [
                        21,
                        16,
                        25,
                        22,
                        15,
                        16,
                        22,
                        16,
                        21,
                        14,
                        15,
                        22,
                        13,
                        14,
                        22,
                        12,
                        13,
                        22,
                        11,
                        21,
                        23,
                        22,
                        21,
                        11,
                        12,
                        22,
                        11,
                        33,
                        0,
                        1,
                        34,
                        1,
                        2,
                        34,
                        2,
                        3,
                        33,
                        1,
                        34,
                        20,
                        0,
                        33,
                        31,
                        20,
                        33,
                        34,
                        3,
                        4,
                        32,
                        33,
                        34,
                        32,
                        34,
                        4,
                        31,
                        33,
                        32,
                        19,
                        20,
                        31,
                        29,
                        19,
                        31,
                        30,
                        31,
                        32,
                        29,
                        31,
                        30,
                        32,
                        4,
                        5,
                        30,
                        32,
                        5,
                        29,
                        17,
                        19,
                        17,
                        18,
                        19,
                        28,
                        29,
                        30,
                        27,
                        29,
                        28,
                        5,
                        7,
                        30,
                        7,
                        28,
                        30,
                        29,
                        27,
                        17,
                        5,
                        6,
                        7,
                        16,
                        17,
                        27,
                        28,
                        25,
                        27,
                        26,
                        28,
                        7,
                        26,
                        25,
                        28,
                        16,
                        27,
                        25,
                        8,
                        26,
                        7,
                        24,
                        25,
                        26,
                        24,
                        26,
                        8,
                        23,
                        21,
                        25,
                        23,
                        25,
                        24,
                        9,
                        24,
                        8,
                        10,
                        24,
                        9,
                        10,
                        11,
                        23,
                        10,
                        23,
                        24
                    ],
                    "vertices": [
                        1,
                        18,
                        -3.38,
                        -10.63,
                        1,
                        1,
                        18,
                        -7.13,
                        -3.98,
                        1,
                        1,
                        18,
                        -8.37,
                        6.37,
                        1,
                        1,
                        18,
                        -1.86,
                        13.37,
                        1,
                        1,
                        18,
                        6.35,
                        14.69,
                        1,
                        1,
                        18,
                        15.3,
                        16.14,
                        1,
                        1,
                        18,
                        21.91,
                        16.76,
                        1,
                        1,
                        18,
                        25.49,
                        14.08,
                        1,
                        2,
                        18,
                        34.51,
                        14.57,
                        0.94287,
                        23,
                        -18.22,
                        -6.78,
                        0.05713,
                        2,
                        18,
                        41.46,
                        13.97,
                        0.89611,
                        23,
                        -18.17,
                        0.19,
                        0.10389,
                        2,
                        18,
                        46.07,
                        9.68,
                        0.8611,
                        23,
                        -14.25,
                        5.12,
                        0.1389,
                        2,
                        18,
                        48.26,
                        -4.53,
                        0.06709,
                        23,
                        -0.26,
                        8.42,
                        0.93291,
                        1,
                        23,
                        9.67,
                        8.22,
                        1,
                        1,
                        23,
                        13.58,
                        4.08,
                        1,
                        1,
                        23,
                        14.3,
                        -1.59,
                        1,
                        2,
                        18,
                        32.28,
                        -14.47,
                        0.0596,
                        23,
                        10.91,
                        -6.72,
                        0.9404,
                        2,
                        18,
                        31.32,
                        -8.87,
                        0.46027,
                        23,
                        5.4,
                        -8.12,
                        0.53973,
                        2,
                        18,
                        27.25,
                        -9.45,
                        0.87192,
                        23,
                        6.3,
                        -12.13,
                        0.12808,
                        2,
                        18,
                        23.3,
                        -13.04,
                        0.97588,
                        23,
                        10.2,
                        -15.79,
                        0.02412,
                        1,
                        18,
                        16.12,
                        -11.99,
                        1,
                        1,
                        18,
                        6.36,
                        -12.91,
                        1,
                        2,
                        18,
                        37.2,
                        -7.55,
                        0.05351,
                        23,
                        3.62,
                        -2.36,
                        0.94649,
                        1,
                        23,
                        8.26,
                        -0.74,
                        1,
                        2,
                        18,
                        40.11,
                        0.13,
                        0.90882,
                        23,
                        -4.27,
                        -0.07,
                        0.09118,
                        2,
                        18,
                        38.94,
                        8.27,
                        0.90907,
                        23,
                        -12.28,
                        -1.88,
                        0.09093,
                        2,
                        18,
                        31.92,
                        -0.72,
                        0.94235,
                        23,
                        -2.77,
                        -8.16,
                        0.05765,
                        2,
                        18,
                        30.47,
                        8.16,
                        0.96618,
                        23,
                        -11.51,
                        -10.31,
                        0.03382,
                        2,
                        18,
                        24.43,
                        -3.87,
                        0.97623,
                        23,
                        0.96,
                        -15.38,
                        0.02377,
                        1,
                        18,
                        23.14,
                        7.93,
                        1,
                        1,
                        18,
                        17.62,
                        -4.34,
                        1,
                        1,
                        18,
                        16.21,
                        7.27,
                        1,
                        1,
                        18,
                        8.14,
                        -5.09,
                        1,
                        1,
                        18,
                        7.81,
                        6.7,
                        1,
                        1,
                        18,
                        0.89,
                        -4.83,
                        1,
                        1,
                        18,
                        -0.35,
                        5.69,
                        1
                    ],
                    "hull": 21,
                    "edges": [
                        0,
                        2,
                        2,
                        4,
                        4,
                        6,
                        10,
                        12,
                        12,
                        14,
                        14,
                        16,
                        16,
                        18,
                        18,
                        20,
                        20,
                        22,
                        22,
                        24,
                        24,
                        26,
                        26,
                        28,
                        28,
                        30,
                        30,
                        32,
                        32,
                        34,
                        34,
                        36,
                        36,
                        38,
                        38,
                        40,
                        0,
                        40,
                        6,
                        8,
                        8,
                        10,
                        32,
                        42
                    ],
                    "width": 38,
                    "height": 55
                }
            },
            "Legs-BackQ_0003_Layer-51": {
                "Legs-BackQ_0003_Layer-51": {
                    "x": 16.27,
                    "y": 1.1,
                    "rotation": 99.55,
                    "width": 31,
                    "height": 45
                }
            },
            "Side_0006_Layer-12-copy": {
                "Side_0006_Layer-12-copy": {
                    "path": "quarterback_0008_Layer-1---9",
                    "x": 9.22,
                    "y": -0.05,
                    "scaleX": 0.904,
                    "scaleY": 0.873,
                    "rotation": 155.71,
                    "width": 33,
                    "height": 29
                }
            },
            "Side_0007_Layer-12": {
                "Side_0007_Layer-12": {
                    "path": "quarterback_0007_Layer-1---8",
                    "x": 11.61,
                    "y": 1.44,
                    "rotation": 81.56,
                    "width": 25,
                    "height": 37
                }
            },
            "Side_0009_Layer-11-copy": {
                "Side_0009_Layer-11-copy": {
                    "path": "quarterback_0006_Layer-1---7",
                    "x": 8.68,
                    "y": 0.12,
                    "scaleX": 0.841,
                    "scaleY": 0.841,
                    "rotation": 78.13,
                    "width": 29,
                    "height": 41
                }
            },
            "Side_0010_Layer-11": {
                "Side_0010_Layer-11": {
                    "path": "quarterback_0004_Layer-1---5",
                    "x": 12.05,
                    "y": 1.06,
                    "rotation": 99.93,
                    "width": 29,
                    "height": 41
                }
            },
            "chest": {
                "chest": {
                    "path": "quarterback_0005_Layer-1---6",
                    "x": 17.32,
                    "y": -1.26,
                    "rotation": -97.59,
                    "width": 55,
                    "height": 74
                }
            },
            "front_0001_Layer-17": {
                "front_0001_Layer-17": {
                    "path": "quarterback_0015_Layer-1---16",
                    "x": 37.03,
                    "y": 23.77,
                    "scaleX": -0.998,
                    "rotation": 23.02,
                    "width": 134,
                    "height": 65
                }
            },
            "gun": {
                "gun": {
                    "x": 25.69,
                    "y": -5.04,
                    "rotation": -119.88,
                    "width": 66,
                    "height": 108
                },
                "gun2": {
                    "x": 25.44,
                    "y": -5.2,
                    "rotation": -119.85,
                    "width": 66,
                    "height": 108
                }
            },
            "hand": {
                "hand": {
                    "path": "quarterback_0010_Layer-1---11",
                    "x": -0.69,
                    "y": 2.47,
                    "scaleX": -1.003,
                    "rotation": 0.39,
                    "width": 29,
                    "height": 19
                }
            },
            "muzzle flash": {
                "muzzle flash": {
                    "x": 66.69,
                    "y": 8.45,
                    "rotation": -48.91,
                    "width": 326,
                    "height": 356
                }
            },
            "quarter_0000_Layer-1---1": {
                "quarter_0000_Layer-1---1": {
                    "path": "quarterback_0000_Layer-1---1",
                    "x": 18.13,
                    "y": 1.13,
                    "rotation": -100.8,
                    "width": 46,
                    "height": 49
                }
            },
            "quarter_0001_Layer-1---2": {
                "quarter_0001_Layer-1---2": {
                    "path": "quarterback_0002_Layer-1---3",
                    "x": 0.44,
                    "y": 0.31,
                    "rotation": -18.66,
                    "width": 28,
                    "height": 33
                }
            },
            "quarter_0001_Layer-1---3": {
                "quarter_0002_Layer-1---3": {
                    "path": "quarterback_0003_Layer-1---4",
                    "x": 2.31,
                    "y": 2.63,
                    "rotation": -152.24,
                    "width": 35,
                    "height": 36
                }
            }
        }
    },
    "animations": {
        "shoot": {
            "slots": {
                "front_0001_Layer-17": {
                    "attachment": [
                        {
                            "time": 0,
                            "name": null
                        }
                    ]
                },
                "gun": {
                    "attachment": [
                        {
                            "time": 0,
                            "name": "gun"
                        },
                        {
                            "time": 0.0667,
                            "name": "gun2"
                        },
                        {
                            "time": 0.1333,
                            "name": "gun"
                        }
                    ]
                },
                "hand": {
                    "attachment": [
                        {
                            "time": 0,
                            "name": null
                        }
                    ]
                },
                "muzzle flash": {
                    "attachment": [
                        {
                            "time": 0.0667,
                            "name": "muzzle flash"
                        },
                        {
                            "time": 0.1,
                            "name": null
                        }
                    ]
                }
            },
            "bones": {
                "Gun2": {
                    "rotate": [
                        {
                            "time": 0,
                            "angle": 1.06,
                            "curve": [
                                0.331,
                                0.5,
                                0.641,
                                1
                            ]
                        },
                        {
                            "time": 0.0333,
                            "angle": 6.13,
                            "curve": [
                                0.493,
                                0,
                                0.75,
                                1
                            ]
                        },
                        {
                            "time": 0.1,
                            "angle": -3.16,
                            "curve": [
                                0.394,
                                0,
                                0.707,
                                0.5
                            ]
                        },
                        {
                            "time": 0.1333,
                            "angle": 1.06
                        }
                    ],
                    "translate": [
                        {
                            "time": 0,
                            "x": 3.18,
                            "y": 10.03,
                            "curve": [
                                0.331,
                                0.5,
                                0.641,
                                1
                            ]
                        },
                        {
                            "time": 0.0333,
                            "x": 1.48,
                            "y": 9.17,
                            "curve": [
                                0.224,
                                0,
                                0.243,
                                1
                            ]
                        },
                        {
                            "time": 0.1,
                            "x": 6.06,
                            "y": 12.21,
                            "curve": [
                                0.394,
                                0,
                                0.707,
                                0.5
                            ]
                        },
                        {
                            "time": 0.1333,
                            "x": 3.18,
                            "y": 10.03
                        }
                    ]
                },
                "bone": {
                    "translate": [
                        {
                            "time": 0,
                            "x": 2.21,
                            "y": -3.27,
                            "curve": [
                                0.312,
                                0.27,
                                0.649,
                                0.64
                            ]
                        },
                        {
                            "time": 0.0333,
                            "x": 0.49,
                            "y": -3.46
                        },
                        {
                            "time": 0.1,
                            "x": 3.17,
                            "y": -3.16,
                            "curve": [
                                0.297,
                                0,
                                0.634,
                                0.4
                            ]
                        },
                        {
                            "time": 0.1333,
                            "x": 2.21,
                            "y": -3.27
                        }
                    ]
                },
                "Side_0006_Layer-12-copy": {
                    "rotate": [
                        {
                            "time": 0,
                            "angle": 76.73
                        }
                    ],
                    "translate": [
                        {
                            "time": 0,
                            "x": 0.58,
                            "y": 5.04
                        }
                    ]
                },
                "Side_0009_Layer-11-copy": {
                    "rotate": [
                        {
                            "time": 0,
                            "angle": 21.32
                        }
                    ],
                    "translate": [
                        {
                            "time": 0,
                            "x": 1.77,
                            "y": 3.55
                        }
                    ]
                },
                "quarter_0001_Layer-1---2": {
                    "rotate": [
                        {
                            "time": 0,
                            "angle": -21.51
                        }
                    ],
                    "translate": [
                        {
                            "time": 0.0333,
                            "x": 0,
                            "y": 0
                        },
                        {
                            "time": 0.1,
                            "x": -0.05,
                            "y": -1.78
                        }
                    ]
                },
                "chest3": {
                    "rotate": [
                        {
                            "time": 0,
                            "angle": -19.99
                        }
                    ],
                    "translate": [
                        {
                            "time": 0,
                            "x": -1.25,
                            "y": -4.27
                        },
                        {
                            "time": 0.0333,
                            "x": -1.06,
                            "y": -2.94
                        },
                        {
                            "time": 0.1,
                            "x": -1.43,
                            "y": -5.6
                        },
                        {
                            "time": 0.1333,
                            "x": -1.25,
                            "y": -4.27
                        }
                    ]
                },
                "Side_0010_Layer-11": {
                    "rotate": [
                        {
                            "time": 0,
                            "angle": -43.43
                        }
                    ],
                    "translate": [
                        {
                            "time": 0,
                            "x": 6.95,
                            "y": -3.47
                        }
                    ],
                    "scale": [
                        {
                            "time": 0,
                            "x": 0.784,
                            "y": 1
                        }
                    ]
                },
                "Side_0007_Layer-12": {
                    "rotate": [
                        {
                            "time": 0,
                            "angle": -148.47
                        }
                    ],
                    "translate": [
                        {
                            "time": 0,
                            "x": 3.56,
                            "y": -4.55
                        }
                    ],
                    "scale": [
                        {
                            "time": 0,
                            "x": 1.697,
                            "y": 1
                        }
                    ]
                },
                "gun": {
                    "rotate": [
                        {
                            "time": 0,
                            "angle": 46.15
                        }
                    ],
                    "translate": [
                        {
                            "time": 0,
                            "x": -0.98,
                            "y": 6.1
                        }
                    ]
                },
                "quarter_0002_Layer-1---3": {
                    "translate": [
                        {
                            "time": 0.0333,
                            "x": 0,
                            "y": 0
                        },
                        {
                            "time": 0.1,
                            "x": -0.08,
                            "y": -2.97
                        }
                    ]
                },
                "Gun3": {
                    "rotate": [
                        {
                            "time": 0,
                            "angle": -85.97
                        },
                        {
                            "time": 0.0667,
                            "angle": -76.23
                        }
                    ],
                    "translate": [
                        {
                            "time": 0,
                            "x": 34.89,
                            "y": 23.83
                        },
                        {
                            "time": 0.0667,
                            "x": 7.18,
                            "y": 70.28
                        }
                    ],
                    "scale": [
                        {
                            "time": 0,
                            "x": 0.576,
                            "y": 0.534
                        },
                        {
                            "time": 0.0667,
                            "x": 0.472,
                            "y": 0.534
                        }
                    ]
                },
                "gun2": {
                    "rotate": [
                        {
                            "time": 0,
                            "angle": 0
                        },
                        {
                            "time": 0.0667,
                            "angle": -5.65
                        },
                        {
                            "time": 0.1333,
                            "angle": -4.41
                        }
                    ],
                    "translate": [
                        {
                            "time": 0,
                            "x": 4.05,
                            "y": 4.63
                        },
                        {
                            "time": 0.0667,
                            "x": 6.51,
                            "y": 1.57
                        }
                    ]
                },
                "chest4": {
                    "translate": [
                        {
                            "time": 0,
                            "x": 3.55,
                            "y": 0
                        }
                    ]
                },
                "bone2": {
                    "translate": [
                        {
                            "time": 0,
                            "x": 8.93,
                            "y": 1.49
                        }
                    ]
                }
            }
        },
        "throw": {
            "bones": {
                "Side_0009_Layer-11-copy": {
                    "rotate": [
                        {
                            "time": 0,
                            "angle": -167.51
                        },
                        {
                            "time": 0.1333,
                            "angle": -113.04
                        },
                        {
                            "time": 0.1667,
                            "angle": -109.34
                        },
                        {
                            "time": 0.2667,
                            "angle": 0
                        }
                    ],
                    "translate": [
                        {
                            "time": 0,
                            "x": 9.6,
                            "y": 0.64,
                            "curve": "stepped"
                        },
                        {
                            "time": 0.1667,
                            "x": 9.6,
                            "y": 0.64
                        },
                        {
                            "time": 0.2667,
                            "x": 0,
                            "y": 0
                        }
                    ],
                    "scale": [
                        {
                            "time": 0,
                            "x": 1.424,
                            "y": 1
                        },
                        {
                            "time": 0.0667,
                            "x": 1.017,
                            "y": 1
                        },
                        {
                            "time": 0.1667,
                            "x": 1.691,
                            "y": 1
                        },
                        {
                            "time": 0.2667,
                            "x": 1,
                            "y": 1
                        }
                    ]
                },
                "Side_0006_Layer-12-copy": {
                    "rotate": [
                        {
                            "time": 0,
                            "angle": -94.38
                        },
                        {
                            "time": 0.1333,
                            "angle": -9.85
                        },
                        {
                            "time": 0.1667,
                            "angle": 50.05
                        },
                        {
                            "time": 0.2667,
                            "angle": 0
                        }
                    ],
                    "scale": [
                        {
                            "time": 0,
                            "x": 1.424,
                            "y": 1
                        },
                        {
                            "time": 0.0667,
                            "x": 1.017,
                            "y": 1
                        },
                        {
                            "time": 0.1667,
                            "x": 1.691,
                            "y": 1
                        },
                        {
                            "time": 0.2667,
                            "x": 1,
                            "y": 1
                        }
                    ]
                },
                "hand": {
                    "rotate": [
                        {
                            "time": 0,
                            "angle": 22.5,
                            "curve": "stepped"
                        },
                        {
                            "time": 0.1667,
                            "angle": 22.5
                        },
                        {
                            "time": 0.2667,
                            "angle": 0
                        }
                    ],
                    "translate": [
                        {
                            "time": 0,
                            "x": 1.87,
                            "y": -2.19,
                            "curve": "stepped"
                        },
                        {
                            "time": 0.1667,
                            "x": 1.87,
                            "y": -2.19
                        },
                        {
                            "time": 0.2667,
                            "x": 0,
                            "y": 0
                        }
                    ]
                },
                "chest": {
                    "rotate": [
                        {
                            "time": 0,
                            "angle": -5.9
                        },
                        {
                            "time": 0.1667,
                            "angle": -10.16
                        },
                        {
                            "time": 0.2667,
                            "angle": -2.95
                        }
                    ],
                    "shear": [
                        {
                            "time": 0,
                            "x": -8.2,
                            "y": 0
                        },
                        {
                            "time": 0.1667,
                            "x": 3.96,
                            "y": 0
                        },
                        {
                            "time": 0.2667,
                            "x": 0,
                            "y": 0
                        }
                    ]
                },
                "chest2": {
                    "rotate": [
                        {
                            "time": 0,
                            "angle": 17.65
                        },
                        {
                            "time": 0.2667,
                            "angle": 0
                        }
                    ]
                },
                "gun": {
                    "rotate": [
                        {
                            "time": 0,
                            "angle": -33.53,
                            "curve": "stepped"
                        },
                        {
                            "time": 0.1667,
                            "angle": -33.53
                        },
                        {
                            "time": 0.2667,
                            "angle": 0
                        }
                    ]
                },
                "quarter_0002_Layer-1---3": {
                    "rotate": [
                        {
                            "time": 0,
                            "angle": 0
                        },
                        {
                            "time": 0.1667,
                            "angle": 69
                        },
                        {
                            "time": 0.2667,
                            "angle": 0
                        }
                    ]
                },
                "chest3": {
                    "rotate": [
                        {
                            "time": 0,
                            "angle": -16.16
                        },
                        {
                            "time": 0.1667,
                            "angle": 0.31
                        },
                        {
                            "time": 0.2667,
                            "angle": -5.03
                        }
                    ]
                }
            }
        },
        "walk": {
            "bones": {
                "bone": {
                    "translate": [
                        {
                            "time": 0,
                            "x": -9.52,
                            "y": -1.33
                        },
                        {
                            "time": 0.2333,
                            "x": -8.59,
                            "y": 1.67
                        },
                        {
                            "time": 0.5,
                            "x": -9.52,
                            "y": -1.33
                        },
                        {
                            "time": 0.7333,
                            "x": -8.59,
                            "y": 1.67
                        },
                        {
                            "time": 1,
                            "x": -9.52,
                            "y": -1.33
                        }
                    ]
                },
                "chest": {
                    "rotate": [
                        {
                            "time": 0,
                            "angle": 2.69
                        },
                        {
                            "time": 0.0333,
                            "angle": 3.23
                        },
                        {
                            "time": 0.1,
                            "angle": 4.31
                        },
                        {
                            "time": 0.3333,
                            "angle": 0
                        },
                        {
                            "time": 0.6,
                            "angle": 4.31
                        },
                        {
                            "time": 0.8333,
                            "angle": 0
                        },
                        {
                            "time": 1,
                            "angle": 2.69
                        }
                    ],
                    "translate": [
                        {
                            "time": 0,
                            "x": 0.09,
                            "y": -1.66
                        },
                        {
                            "time": 0.0667,
                            "x": 0,
                            "y": -2.96
                        },
                        {
                            "time": 0.3,
                            "x": 0.37,
                            "y": 2.22
                        },
                        {
                            "time": 0.5667,
                            "x": 0,
                            "y": -2.96
                        },
                        {
                            "time": 0.8,
                            "x": 0.37,
                            "y": 2.22
                        },
                        {
                            "time": 1,
                            "x": 0.09,
                            "y": -1.66
                        }
                    ]
                },
                "chest2": {
                    "rotate": [
                        {
                            "time": 0,
                            "angle": -2.77
                        },
                        {
                            "time": 0.1,
                            "angle": -5.5
                        },
                        {
                            "time": 0.6,
                            "angle": 8.15
                        },
                        {
                            "time": 1,
                            "angle": -2.77
                        }
                    ]
                },
                "chest5": {
                    "translate": [
                        {
                            "time": 0,
                            "x": -0.02,
                            "y": -3.7
                        },
                        {
                            "time": 0.1,
                            "x": -0.02,
                            "y": -4.63
                        },
                        {
                            "time": 0.6,
                            "x": 0,
                            "y": 0
                        },
                        {
                            "time": 1,
                            "x": -0.02,
                            "y": -3.7
                        }
                    ]
                },
                "chest4": {
                    "translate": [
                        {
                            "time": 0,
                            "x": 0.02,
                            "y": 3.5
                        },
                        {
                            "time": 0.1,
                            "x": 0.02,
                            "y": 4.37
                        },
                        {
                            "time": 0.6,
                            "x": 0,
                            "y": 0
                        },
                        {
                            "time": 1,
                            "x": 0.02,
                            "y": 3.5
                        }
                    ]
                },
                "Side_0010_Layer-11": {
                    "rotate": [
                        {
                            "time": 0,
                            "angle": 6.38
                        },
                        {
                            "time": 0.1,
                            "angle": 7.42
                        },
                        {
                            "time": 0.2,
                            "angle": 8.45
                        },
                        {
                            "time": 0.7,
                            "angle": 3.28
                        },
                        {
                            "time": 1,
                            "angle": 6.38
                        }
                    ]
                },
                "Side_0007_Layer-12": {
                    "rotate": [
                        {
                            "time": 0,
                            "angle": 0.29
                        },
                        {
                            "time": 0.1,
                            "angle": -2.66
                        },
                        {
                            "time": 0.2,
                            "angle": -5.6
                        },
                        {
                            "time": 0.7,
                            "angle": 9.13
                        },
                        {
                            "time": 1,
                            "angle": 0.29
                        }
                    ]
                },
                "Side_0006_Layer-12-copy": {
                    "rotate": [
                        {
                            "time": 0,
                            "angle": 35.79
                        },
                        {
                            "time": 0.1,
                            "angle": 27.42
                        },
                        {
                            "time": 0.6,
                            "angle": 69.28
                        },
                        {
                            "time": 1,
                            "angle": 35.79
                        }
                    ]
                },
                "hand": {
                    "rotate": [
                        {
                            "time": 0,
                            "angle": 7.92
                        }
                    ],
                    "translate": [
                        {
                            "time": 0,
                            "x": 1.99,
                            "y": 1.13
                        },
                        {
                            "time": 0.1,
                            "x": 3.37,
                            "y": -0.2
                        },
                        {
                            "time": 0.3333,
                            "x": -0.07,
                            "y": 2.93
                        },
                        {
                            "time": 0.6,
                            "x": -1.25,
                            "y": -1.07
                        },
                        {
                            "time": 0.8333,
                            "x": -0.3,
                            "y": 3.33
                        },
                        {
                            "time": 1,
                            "x": 1.99,
                            "y": 1.13
                        }
                    ]
                },
                "chest3": {
                    "rotate": [
                        {
                            "time": 0,
                            "angle": 1.82
                        },
                        {
                            "time": 0.1,
                            "angle": 3.45
                        },
                        {
                            "time": 0.3333,
                            "angle": -0.9
                        },
                        {
                            "time": 0.6,
                            "angle": 3.45
                        },
                        {
                            "time": 0.8333,
                            "angle": -0.9
                        },
                        {
                            "time": 1,
                            "angle": 1.82
                        }
                    ],
                    "translate": [
                        {
                            "time": 0,
                            "x": -1.05,
                            "y": 0.22
                        },
                        {
                            "time": 0.1,
                            "x": -2.27,
                            "y": 0.56
                        },
                        {
                            "time": 0.3333,
                            "x": 0.98,
                            "y": -0.36
                        },
                        {
                            "time": 0.6,
                            "x": -2.27,
                            "y": 0.56
                        },
                        {
                            "time": 0.8333,
                            "x": 0.98,
                            "y": -0.36
                        },
                        {
                            "time": 1,
                            "x": -1.05,
                            "y": 0.22
                        }
                    ]
                },
                "Legs-BackQ_0002_Layer-53": {
                    "translate": [
                        {
                            "time": 0,
                            "x": -20.24,
                            "y": 9.64
                        },
                        {
                            "time": 0.5,
                            "x": 13.5,
                            "y": -6.75
                        },
                        {
                            "time": 0.6667,
                            "x": 17.83,
                            "y": 9.16
                        },
                        {
                            "time": 0.8333,
                            "x": -11.35,
                            "y": 14.83
                        },
                        {
                            "time": 1,
                            "x": -20.24,
                            "y": 9.64
                        }
                    ]
                },
                "Legs-BackQ_0003_Layer-51": {
                    "scale": [
                        {
                            "time": 0,
                            "x": 0.949,
                            "y": 1
                        },
                        {
                            "time": 0.5,
                            "x": 1.058,
                            "y": 1
                        },
                        {
                            "time": 0.6667,
                            "x": 0.998,
                            "y": 1
                        },
                        {
                            "time": 0.8333,
                            "x": 0.842,
                            "y": 1
                        },
                        {
                            "time": 1,
                            "x": 0.949,
                            "y": 1
                        }
                    ]
                },
                "Legs-BackQ_0002_Layer-52": {
                    "scale": [
                        {
                            "time": 0,
                            "x": 0.949,
                            "y": 1
                        },
                        {
                            "time": 0.5,
                            "x": 1.058,
                            "y": 1
                        },
                        {
                            "time": 0.6667,
                            "x": 0.998,
                            "y": 1
                        },
                        {
                            "time": 0.8333,
                            "x": 0.979,
                            "y": 1
                        },
                        {
                            "time": 1,
                            "x": 0.949,
                            "y": 1
                        }
                    ]
                },
                "bone2": {
                    "translate": [
                        {
                            "time": 0,
                            "x": 2.89,
                            "y": -0.48
                        },
                        {
                            "time": 0.1667,
                            "x": 0.25,
                            "y": 10.08
                        },
                        {
                            "time": 0.3667,
                            "x": -32.48,
                            "y": 14.83
                        },
                        {
                            "time": 0.5,
                            "x": -33.54,
                            "y": 9.56
                        },
                        {
                            "time": 1,
                            "x": 2.89,
                            "y": -0.48
                        }
                    ]
                },
                "Legs-BackQ_0001_Layer-53": {
                    "scale": [
                        {
                            "time": 0,
                            "x": 1.019,
                            "y": 1
                        },
                        {
                            "time": 0.1667,
                            "x": 0.988,
                            "y": 1
                        },
                        {
                            "time": 0.3667,
                            "x": 0.939,
                            "y": 1
                        },
                        {
                            "time": 0.5,
                            "x": 0.959,
                            "y": 1
                        },
                        {
                            "time": 1,
                            "x": 1.019,
                            "y": 1
                        }
                    ]
                },
                "Legs-BackQ_0000_Layer-54": {
                    "scale": [
                        {
                            "time": 0,
                            "x": 1.019,
                            "y": 1
                        },
                        {
                            "time": 0.1667,
                            "x": 0.94,
                            "y": 1
                        },
                        {
                            "time": 0.3667,
                            "x": 0.887,
                            "y": 1
                        },
                        {
                            "time": 0.5,
                            "x": 0.906,
                            "y": 1
                        },
                        {
                            "time": 1,
                            "x": 1.019,
                            "y": 1
                        }
                    ]
                },
                "Legs-BackQ_0002_Layer-54": {
                    "rotate": [
                        {
                            "time": 0.5,
                            "angle": 0
                        },
                        {
                            "time": 0.6667,
                            "angle": 49.14
                        },
                        {
                            "time": 0.8333,
                            "angle": -15.38
                        },
                        {
                            "time": 1,
                            "angle": 0
                        }
                    ]
                },
                "Legs-BackQ_0000_Layer-55": {
                    "rotate": [
                        {
                            "time": 0,
                            "angle": 0
                        },
                        {
                            "time": 0.1667,
                            "angle": 44.21
                        },
                        {
                            "time": 0.4,
                            "angle": -6.52
                        },
                        {
                            "time": 0.5,
                            "angle": 0
                        }
                    ]
                },
                "gun": {
                    "rotate": [
                        {
                            "time": 0,
                            "angle": -1.68
                        },
                        {
                            "time": 0.1,
                            "angle": 0
                        },
                        {
                            "time": 0.6,
                            "angle": -8.39
                        },
                        {
                            "time": 1,
                            "angle": -1.68
                        }
                    ]
                },
                "Side_0009_Layer-11-copy": {
                    "rotate": [
                        {
                            "time": 0,
                            "angle": 3.75
                        },
                        {
                            "time": 0.1,
                            "angle": 0
                        },
                        {
                            "time": 0.6,
                            "angle": 18.73
                        },
                        {
                            "time": 1,
                            "angle": 3.75
                        }
                    ]
                }
            }
        }
    }
}
