{"skeleton":{"hash":"fpSt/uZ2V3hqRbe8KgOOeDu4S/E","spine":"3.7.94","width":150.33,"height":189.76,"images":"./Medic Front/","audio":"D:/Daily Doodle/Commissions/2D isometric sprites/marine quarter/../Marine front"},"bones":[{"name":"root","x":0,"y":0},{"name":"bone","parent":"root","x":-0.77,"y":69.63},{"name":"Side_0008_Layer-6","parent":"bone","length":38.48,"rotation":90.85,"x":-0.28,"y":3.42},{"name":"Side_0002_Layer-4","parent":"Side_0008_Layer-6","length":48.74,"rotation":0.16,"x":53.29,"y":-0.83},{"name":"Side_0008_Layer-7","parent":"Side_0008_Layer-6","x":35.63,"y":0.33},{"name":"Side_0004_Layer-10","parent":"Side_0008_Layer-7","length":34.7,"rotation":24.25,"x":8.16,"y":-26.54,"transform":"noRotationOrReflection"},{"name":"Side_0003_Layer-10-copy","parent":"Side_0008_Layer-7","length":35.56,"rotation":152.82,"x":9.06,"y":21.91,"transform":"noRotationOrReflection"},{"name":"Side_0009_Layer-11-copy","parent":"Side_0008_Layer-7","length":22.57,"rotation":-106.04,"x":1.13,"y":22.4,"transform":"noRotationOrReflection"},{"name":"Side_0010_Layer-11","parent":"Side_0008_Layer-7","length":22.72,"rotation":-74.05,"x":1.89,"y":-26.33,"transform":"noRotationOrReflection"},{"name":"Side_0007_Layer-12","parent":"Side_0010_Layer-11","length":25.09,"rotation":-139.57,"x":24.35,"y":-0.68,"transform":"onlyTranslation"},{"name":"Side_0006_Layer-12-copy","parent":"Side_0009_Layer-11-copy","length":24.43,"rotation":-81.54,"x":20.79,"y":0.02,"transform":"onlyTranslation"},{"name":"Side_0000_Layer-18","parent":"Side_0006_Layer-12-copy","length":20.7,"rotation":157.32,"x":25.04,"y":-0.21,"transform":"onlyTranslation"},{"name":"Side_0001_Layer-17","parent":"Side_0007_Layer-12","length":26.52,"rotation":-159.23,"x":25.4,"y":-0.25,"transform":"onlyTranslation"},{"name":"Side_0016_Layer-7","parent":"bone","length":29.1,"rotation":-104.17,"x":-10.21,"y":0.29,"transform":"onlyTranslation"},{"name":"Side_0015_Layer-8","parent":"Side_0016_Layer-7","length":41.23,"rotation":15.79,"x":30,"y":-0.07,"transform":"noScale"},{"name":"Side_0011_Layer-9-copy","parent":"Side_0016_Layer-7","x":30.02,"y":-0.97,"transform":"noScale"},{"name":"Side_0014_Layer-7-copy","parent":"bone","length":28.15,"rotation":-74.13,"x":10.74,"y":0.29,"transform":"onlyTranslation"},{"name":"Side_0013_Layer-8-copy","parent":"Side_0014_Layer-7-copy","length":40.13,"rotation":-17.38,"x":30.1,"y":0.63,"transform":"noScale"},{"name":"Side_0012_Layer-9","parent":"Side_0014_Layer-7-copy","x":30.27,"y":1.33,"transform":"noScale"},{"name":"Side_0013_Layer-8-copy2","parent":"Side_0013_Layer-8-copy","length":19.27,"rotation":39.48,"x":39.43,"transform":"noScale"},{"name":"Side_0015_Layer-9","parent":"Side_0015_Layer-8","length":18.15,"rotation":-48.75,"x":41.42,"y":-0.15,"transform":"noScale"},{"name":"bone2","parent":"root","x":-0.45,"y":-2.49},{"name":"gunfront","parent":"Side_0001_Layer-17","length":26.91,"rotation":-123.02,"x":2.93,"y":-19.7,"transform":"onlyTranslation"},{"name":"gunfront2","parent":"root","rotation":-123.02,"x":-74.26,"y":13.62},{"name":"Side_0008_Layer-8","parent":"Side_0008_Layer-6","length":15.81,"rotation":91.75,"x":46.17,"y":-0.5},{"name":"FrontM_0017_Layer-26","parent":"Side_0008_Layer-8","length":42.84,"rotation":-91.22,"x":-13.56,"y":-1.19},{"name":"FrontM_0017_Layer-27","parent":"Side_0008_Layer-8","length":42.84,"rotation":-91.22,"x":13.24,"y":-2.41},{"name":"gunfront3","parent":"gunfront","x":14.53,"y":-23.78,"scaleX":0.221,"scaleY":0.221}],"slots":[{"name":"drop shadow","bone":"bone2"},{"name":"Side_0016_Layer-7","bone":"Side_0016_Layer-7","attachment":"FrontM_0004_Layer-14"},{"name":"Side_0008_Layer-6","bone":"Side_0008_Layer-6"},{"name":"Side_0003_Layer-10-copy","bone":"Side_0003_Layer-10-copy"},{"name":"FrontM_0017_Layer-26","bone":"FrontM_0017_Layer-26","attachment":"FrontM_0017_Layer-26"},{"name":"FrontM_0017_Layer-27","bone":"FrontM_0017_Layer-27","attachment":"FrontM_0017_Layer-26"},{"name":"Side_0004_Layer-10","bone":"Side_0004_Layer-10","attachment":"FrontM_0012_Layer-22-copy"},{"name":"Side_0002_Layer-4","bone":"Side_0002_Layer-4"},{"name":"Side_0006_Layer-12-copy","bone":"Side_0006_Layer-12-copy"},{"name":"drop shadow2","bone":"bone2","attachment":"drop shadow"},{"name":"Side_0007_Layer-12","bone":"Side_0007_Layer-12"},{"name":"Side_0015_Layer-8","bone":"Side_0015_Layer-8","attachment":"FrontM_0003_Layer-18"},{"name":"muzzle flash","bone":"gunfront2","blend":"additive"},{"name":"FrontM_0000_Layer-17-copy2","bone":"Side_0011_Layer-9-copy","attachment":"FrontM_0000_Layer-17-copy"},{"name":"FrontM_0002_Layer-16-copy","bone":"Side_0013_Layer-8-copy","attachment":"FrontM_0002_Layer-16-copy"},{"name":"FrontM_0005_Layer-14-copy","bone":"Side_0014_Layer-7-copy","attachment":"FrontM_0005_Layer-14-copy"},{"name":"FrontM_0015_Layer-13","bone":"bone","attachment":"FrontM_0015_Layer-13"},{"name":"Side_0012_Layer-9","bone":"Side_0012_Layer-9","attachment":"FrontM_0001_Layer-17"},{"name":"Side_0010_Layer-11","bone":"Side_0010_Layer-11","attachment":"FrontM_0009_Layer-23-copy"},{"name":"FrontM_0013_Layer-22","bone":"Side_0003_Layer-10-copy","attachment":"FrontM_0013_Layer-22"},{"name":"FrontM_0011_Layer-23","bone":"Side_0009_Layer-11-copy","attachment":"FrontM_0011_Layer-23"},{"name":"FrontM_0014_Layer-9","bone":"Side_0008_Layer-6","attachment":"FrontM_0014_Layer-9"},{"name":"FrontM_0010_Layer-24","bone":"Side_0006_Layer-12-copy","attachment":"FrontM_0010_Layer-24"},{"name":"FrontM_0008_Layer-24-copy","bone":"Side_0007_Layer-12","attachment":"FrontM_0008_Layer-24-copy"},{"name":"FrontM_0016_Layer-31","bone":"Side_0002_Layer-4","attachment":"FrontM_0016_Layer-31"},{"name":"FrontM_0007_Layer-35","bone":"Side_0001_Layer-17"},{"name":"Gun","bone":"gunfront","attachment":"Gun"},{"name":"Gun Glow","bone":"gunfront3","attachment":"Gun Glow","blend":"additive"}],"skins":{"default":{"FrontM_0000_Layer-17-copy2":{"FrontM_0000_Layer-17-copy":{"x":0.66,"y":0.8,"rotation":104.17,"width":13,"height":10}},"FrontM_0002_Layer-16-copy":{"FrontM_0002_Layer-16-copy":{"type":"mesh","uvs":[0.36641,0.99349,0.05251,0.90146,0.06041,0.77506,0.06746,0.66216,0.17956,0.59379,0.08241,0.45179,2.0E-4,0.29138,0.04504,0.08627,0.38883,0,0.77746,0,0.91198,0.10205,0.90865,0.26519,0.90451,0.46757,0.76999,0.6122,0.76999,0.66479,0.77746,0.77523,0.87462,0.83572,1,0.87516,1,0.95405,0.65041,0.99875,0.3141,0.88568,0.5981,0.84623,0.5981,0.91986,0.85221,0.89357,0.33652,0.72527,0.57568,0.72264,0.33652,0.62009,0.53831,0.63061,0.4561,0.46231,0.42621,0.24668,0.41126,0.10205],"triangles":[21,25,15,23,15,16,23,16,17,18,23,17,22,0,21,0,20,21,15,22,21,23,22,15,23,19,22,19,23,18,0,22,19,30,8,9,7,8,30,29,30,9,11,9,10,29,9,11,7,29,6,29,7,30,5,6,29,28,29,11,5,29,28,12,28,11,4,5,28,13,28,12,26,4,28,27,28,13,26,28,27,25,27,13,14,25,13,24,4,26,24,26,27,24,27,25,25,14,15,4,2,3,4,24,2,20,2,24,1,2,20,25,21,24,24,21,20,1,20,0],"vertices":[2,17,50.79,-0.35,0.28596,19,8.55,-7.49,0.71404,2,17,45.98,-6.44,0.88646,19,0.96,-9.14,0.11354,2,17,39.16,-6.47,0.99871,19,-4.33,-4.82,0.00129,2,17,33.06,-6.5,0.99971,19,-9.05,-0.96,2.9E-4,1,17,29.31,-4.47,1,1,17,21.69,-6.52,1,1,17,13.08,-8.31,1,1,17,1.98,-7.75,1,1,17,-2.85,-1.34,1,1,17,-3.04,6.04,1,1,17,2.4,8.74,1,1,17,11.21,8.91,1,1,17,22.13,9.12,1,2,17,30.01,6.77,0.94304,19,-2.97,11.22,0.05696,2,17,32.85,6.85,0.79735,19,-0.73,9.47,0.20265,2,17,38.81,7.15,0.14182,19,4.06,5.92,0.85818,2,17,42.02,9.08,0.00226,19,7.77,5.36,0.99774,1,19,10.92,5.93,1,1,19,14.27,3.31,1,2,17,50.93,5.05,0.03657,19,12.09,-3.41,0.96343,2,17,45,-1.5,0.61739,19,3.34,-4.69,0.38261,1,19,4.99,0.87,1,2,17,46.7,3.95,0.04042,19,8.12,-1.58,0.95958,1,19,9.97,3.1,1,2,17,36.33,-1.3,0.99907,19,-3.22,0.97,9.3E-4,2,17,36.07,3.24,0.63807,19,-0.54,4.64,0.36193,1,17,30.65,-1.45,1,2,17,31.12,2.4,0.96775,19,-4.89,7.14,0.03225,1,17,22.07,0.6,1,1,17,10.45,-0.28,1,1,17,2.65,-0.77,1],"hull":20,"edges":[0,2,6,8,8,10,10,12,12,14,14,16,16,18,18,20,24,26,26,28,28,30,30,32,32,34,34,36,36,38,0,38,2,4,4,6,20,22,22,24],"width":19,"height":54}},"FrontM_0005_Layer-14-copy":{"FrontM_0005_Layer-14-copy":{"x":13.3,"y":-0.06,"rotation":74.13,"width":28,"height":40}},"FrontM_0007_Layer-35":{"FrontM_0007_Layer-35":{"x":44.61,"y":-7.2,"rotation":159.23,"width":102,"height":42}},"FrontM_0008_Layer-24-copy":{"FrontM_0008_Layer-24-copy":{"x":12.57,"y":-0.23,"rotation":74.58,"width":21,"height":40}},"FrontM_0010_Layer-24":{"FrontM_0010_Layer-24":{"x":13.86,"y":0.44,"rotation":107.52,"width":21,"height":40}},"FrontM_0011_Layer-23":{"FrontM_0011_Layer-23":{"x":8.4,"y":0.41,"rotation":95.2,"width":16,"height":32}},"FrontM_0013_Layer-22":{"FrontM_0013_Layer-22":{"x":-2.02,"y":0.05,"rotation":-152.82,"width":19,"height":22}},"FrontM_0014_Layer-9":{"FrontM_0014_Layer-9":{"x":20.22,"y":-2.89,"rotation":-90.85,"width":58,"height":71}},"FrontM_0015_Layer-13":{"FrontM_0015_Layer-13":{"x":-0.17,"y":-3.99,"width":13,"height":46}},"FrontM_0016_Layer-31":{"FrontM_0016_Layer-31":{"x":16.01,"y":-0.17,"rotation":-91.01,"width":38,"height":48}},"FrontM_0017_Layer-26":{"FrontM_0017_Layer-26":{"x":19.4,"y":-1.44,"rotation":-91.38,"width":23,"height":55}},"FrontM_0017_Layer-27":{"FrontM_0017_Layer-26":{"x":19.4,"y":-1.44,"rotation":-91.38,"width":23,"height":55}},"Gun":{"Gun":{"x":6.72,"y":-6.3,"rotation":105.39,"width":62,"height":38}},"Gun Glow":{"Gun Glow":{"x":0.5,"y":0.5,"width":457,"height":457}},"Side_0004_Layer-10":{"FrontM_0012_Layer-22-copy":{"x":0.54,"y":0.42,"rotation":-24.25,"width":19,"height":22}},"Side_0010_Layer-11":{"FrontM_0009_Layer-23-copy":{"x":9.89,"y":-0.08,"rotation":81.15,"width":16,"height":32}},"Side_0012_Layer-9":{"FrontM_0001_Layer-17":{"x":0.57,"y":-0.43,"rotation":74.13,"width":13,"height":10}},"Side_0015_Layer-8":{"FrontM_0003_Layer-18":{"type":"mesh","uvs":[0,0.89424,0.03631,0.95776,0.24779,0.99224,0.56242,0.99043,0.92347,0.9015,0.91628,0.78509,0.90799,0.65106,0.82547,0.59299,0.84094,0.52584,0.96989,0.36976,0.99568,0.20643,0.90284,0.07758,0.58305,0,0.30968,0.00136,0.14463,0.07577,0.09305,0.21551,0.08789,0.36251,0.14979,0.50769,0.26842,0.62384,0.21168,0.66921,0.22716,0.77628,0.11884,0.84343,0.21169,0.89061,0.43348,0.90513,0.3458,0.82891,0.60369,0.84524,0.39737,0.72002,0.65011,0.71458,0.42316,0.62747,0.65011,0.62021,0.44895,0.50225,0.37674,0.3371,0.39222,0.17377],"triangles":[24,20,26,23,24,26,22,21,20,22,20,24,25,23,26,1,0,21,3,23,25,3,25,4,4,25,5,2,22,24,2,24,23,1,21,22,2,1,22,2,23,3,32,13,12,32,14,13,32,15,14,31,15,32,16,15,31,9,11,10,12,31,32,8,30,31,17,16,31,17,31,30,8,12,11,8,11,9,8,31,12,8,29,30,7,29,8,18,17,30,28,18,30,28,30,29,27,28,29,26,18,28,26,28,27,20,19,18,20,18,26,25,26,27,27,29,7,7,5,27,27,5,25,7,6,5],"vertices":[1,20,9.84,-4.16,1,1,20,11.67,-1.18,1,1,20,9.99,2.92,1,1,20,5.54,6.92,1,2,14,45.66,7.24,0.11845,20,-2.76,8.06,0.88155,2,14,39.37,7.28,0.72443,20,-6.93,3.36,0.27557,2,14,32.13,7.33,0.99922,20,-11.74,-2.05,7.8E-4,1,14,28.95,5.85,1,1,14,25.34,6.24,1,1,14,16.98,8.93,1,1,14,8.18,9.67,1,1,14,1.18,8.1,1,1,14,-3.18,2.15,1,1,14,-3.26,-3.05,1,1,14,0.67,-6.3,1,1,14,8.19,-7.49,1,1,14,16.12,-7.81,1,1,14,23.99,-6.86,1,2,14,30.32,-4.78,0.98534,20,-3.83,-11.39,0.01466,2,14,32.74,-5.93,0.92154,20,-1.38,-10.33,0.07846,2,14,38.53,-5.8,0.33737,20,2.34,-5.89,0.66263,2,14,42.1,-7.95,0.00651,20,6.32,-4.63,0.99349,1,20,6.76,-1.57,1,1,20,4.2,1.87,1,2,14,41.43,-3.62,0.04158,20,2.62,-2.28,0.95842,2,14,42.45,1.25,0.05568,20,-0.37,1.7,0.94432,2,14,35.58,-2.48,0.8788,20,-2.1,-5.92,0.1212,2,14,35.42,2.33,0.99725,20,-5.82,-2.87,0.00275,2,14,30.6,-1.85,0.99624,20,-5.86,-9.25,0.00376,1,14,30.33,2.48,1,1,14,23.86,-1.17,1,1,14,14.9,-2.29,1,1,14,6.09,-1.74,1],"hull":22,"edges":[0,2,2,4,4,6,6,8,12,14,14,16,16,18,18,20,20,22,22,24,24,26,26,28,28,30,30,32,32,34,34,36,36,38,38,40,40,42,0,42,8,10,10,12],"width":19,"height":54}},"Side_0016_Layer-7":{"FrontM_0004_Layer-14":{"x":13.48,"y":1.64,"rotation":104.17,"width":28,"height":40}},"drop shadow2":{"drop shadow":{"color":"ffffff9e","x":0.73,"y":1.23,"scaleX":0,"scaleY":0,"width":120,"height":46}}}},"animations":{"full cycle":{"bones":{"Side_0016_Layer-7":{"rotate":[{"time":0,"angle":11.63},{"time":0.5,"angle":3.94},{"time":0.9,"angle":11.63,"curve":"stepped"},{"time":1,"angle":11.63},{"time":1.5,"angle":3.94},{"time":1.9,"angle":11.63}],"scale":[{"time":0,"x":1.09,"y":1},{"time":0.5,"x":0.664,"y":1},{"time":0.7,"x":0.807,"y":1},{"time":0.9,"x":0.974,"y":1},{"time":1,"x":1.09,"y":1},{"time":1.5,"x":0.664,"y":1},{"time":1.7,"x":0.807,"y":1},{"time":1.9,"x":0.974,"y":1},{"time":2,"x":1.09,"y":1}]},"Side_0015_Layer-8":{"rotate":[{"time":0,"angle":-8.37},{"time":0.5,"angle":-4.18},{"time":0.7,"angle":-1.3},{"time":0.9,"angle":-8.37,"curve":"stepped"},{"time":1,"angle":-8.37},{"time":1.5,"angle":-4.18},{"time":1.7,"angle":-1.3},{"time":1.9,"angle":-8.37}],"scale":[{"time":0,"x":0.93,"y":1},{"time":0.5,"x":0.771,"y":1},{"time":0.7,"x":0.629,"y":1},{"time":0.9,"x":0.831,"y":1},{"time":1,"x":0.93,"y":1},{"time":1.5,"x":0.771,"y":1},{"time":1.7,"x":0.629,"y":1},{"time":1.9,"x":0.831,"y":1},{"time":2,"x":0.93,"y":1}]},"Side_0011_Layer-9-copy":{"translate":[{"time":0,"x":-0.13,"y":1.31}]},"Side_0014_Layer-7-copy":{"rotate":[{"time":0,"angle":-2.97},{"time":0.5,"angle":-9.6},{"time":1,"angle":-2.97},{"time":1.5,"angle":-9.6},{"time":2,"angle":-2.97}],"scale":[{"time":0,"x":0.598,"y":1},{"time":0.2,"x":0.852,"y":1},{"time":0.4,"x":0.931,"y":0.927},{"time":0.5,"x":1.087,"y":0.927},{"time":1,"x":0.598,"y":1},{"time":1.2,"x":0.852,"y":1},{"time":1.4,"x":0.931,"y":0.927},{"time":1.5,"x":1.087,"y":0.927},{"time":2,"x":0.598,"y":1}]},"Side_0013_Layer-8-copy":{"rotate":[{"time":0,"angle":6.13},{"time":0.2,"angle":2.38},{"time":0.4,"angle":7.59,"curve":"stepped"},{"time":0.5,"angle":7.59},{"time":1,"angle":6.13},{"time":1.2,"angle":2.38},{"time":1.4,"angle":7.59,"curve":"stepped"},{"time":1.5,"angle":7.59},{"time":2,"angle":6.13}],"scale":[{"time":0,"x":0.844,"y":1},{"time":0.2,"x":0.585,"y":1},{"time":0.4,"x":0.902,"y":1},{"time":0.5,"x":0.951,"y":1},{"time":1,"x":0.844,"y":1},{"time":1.2,"x":0.585,"y":1},{"time":1.4,"x":0.902,"y":1},{"time":1.5,"x":0.951,"y":1},{"time":2,"x":0.844,"y":1}]},"Side_0013_Layer-8-copy2":{"rotate":[{"time":0,"angle":-16.58},{"time":0.5,"angle":-21.91},{"time":1,"angle":-16.58},{"time":1.5,"angle":-21.91},{"time":2,"angle":-16.58}],"scale":[{"time":0,"x":0.863,"y":1},{"time":0.2667,"x":1.208,"y":1},{"time":0.4,"x":0.58,"y":1.144},{"time":0.5,"x":1.118,"y":1},{"time":1,"x":0.863,"y":1},{"time":1.2667,"x":1.208,"y":1},{"time":1.4,"x":0.58,"y":1.144},{"time":1.5,"x":1.118,"y":1},{"time":2,"x":0.863,"y":1}]},"Side_0015_Layer-9":{"rotate":[{"time":0,"angle":18.17},{"time":0.5,"angle":15.43},{"time":0.7,"angle":13.54},{"time":0.9,"angle":18.17,"curve":"stepped"},{"time":1,"angle":18.17},{"time":1.5,"angle":15.43},{"time":1.7,"angle":13.54},{"time":1.9,"angle":18.17}],"scale":[{"time":0,"x":1.192,"y":1},{"time":0.5,"x":1,"y":1},{"time":0.7,"x":1.224,"y":1},{"time":0.9,"x":0.57,"y":1},{"time":1,"x":1.192,"y":1},{"time":1.5,"x":1,"y":1},{"time":1.7,"x":1.224,"y":1},{"time":1.9,"x":0.57,"y":1},{"time":2,"x":1.192,"y":1}]},"bone":{"translate":[{"time":0,"x":0,"y":0},{"time":0.2333,"x":0,"y":2.36},{"time":0.5,"x":0,"y":-3.78},{"time":0.7333,"x":0,"y":2.36},{"time":1,"x":0,"y":0},{"time":1.2333,"x":0,"y":2.36},{"time":1.5,"x":0,"y":-3.78},{"time":1.7333,"x":0,"y":2.36},{"time":2,"x":0,"y":0}]},"Side_0008_Layer-7":{"rotate":[{"time":0,"angle":-2.62},{"time":0.0667,"angle":-3.62},{"time":0.5667,"angle":3.86},{"time":1,"angle":-2.62},{"time":1.0667,"angle":-3.62},{"time":1.5667,"angle":3.86},{"time":2,"angle":-2.62}]},"bone2":{"scale":[{"time":0,"x":1,"y":1.105},{"time":0.2667,"x":0.886,"y":0.979},{"time":0.5,"x":1,"y":1.105},{"time":0.7667,"x":0.886,"y":0.979},{"time":1,"x":1,"y":1.105},{"time":1.2667,"x":0.886,"y":0.979},{"time":1.5,"x":1,"y":1.105},{"time":1.7667,"x":0.886,"y":0.979},{"time":2,"x":1,"y":1.105}]},"Side_0001_Layer-17":{"rotate":[{"time":0,"angle":-11.75},{"time":0.0667,"angle":-14.11},{"time":0.5667,"angle":3.56},{"time":1,"angle":-11.75},{"time":1.0667,"angle":-14.11},{"time":1.5667,"angle":3.56},{"time":2,"angle":-11.75}]},"Side_0007_Layer-12":{"rotate":[{"time":0,"angle":-3.3},{"time":0.0667,"angle":-3.81},{"time":0.5667,"angle":0},{"time":1,"angle":-3.3},{"time":1.0667,"angle":-3.81},{"time":1.5667,"angle":0},{"time":2,"angle":-3.3}]},"Side_0009_Layer-11-copy":{"rotate":[{"time":0,"angle":1.08},{"time":0.0667,"angle":-1.35},{"time":0.5667,"angle":16.84},{"time":1,"angle":1.08},{"time":1.0667,"angle":-1.35},{"time":1.5667,"angle":16.84},{"time":2,"angle":1.08}],"scale":[{"time":0,"x":0.929,"y":1},{"time":0.0667,"x":0.918,"y":1},{"time":0.5667,"x":1,"y":1},{"time":1,"x":0.929,"y":1},{"time":1.0667,"x":0.918,"y":1},{"time":1.5667,"x":1,"y":1},{"time":2,"x":0.929,"y":1}]},"Side_0006_Layer-12-copy":{"rotate":[{"time":0,"angle":-53.96},{"time":0.0667,"angle":-59.09},{"time":0.5667,"angle":-20.57},{"time":1,"angle":-53.96},{"time":1.0667,"angle":-59.09},{"time":1.5667,"angle":-20.57},{"time":2,"angle":-53.96}],"scale":[{"time":0,"x":0.704,"y":1.131},{"time":0.0667,"x":0.659,"y":1.151},{"time":0.5667,"x":1,"y":1},{"time":1,"x":0.704,"y":1.131},{"time":1.0667,"x":0.659,"y":1.151},{"time":1.5667,"x":1,"y":1},{"time":2,"x":0.704,"y":1.131}]},"Side_0000_Layer-18":{"rotate":[{"time":0,"angle":-18.08},{"time":0.0667,"angle":-20.86},{"time":0.5667,"angle":0},{"time":1,"angle":-18.08},{"time":1.0667,"angle":-20.86},{"time":1.5667,"angle":0},{"time":2,"angle":-18.08}],"translate":[{"time":0,"x":-2.99,"y":4.7},{"time":0.0667,"x":-3.45,"y":5.42},{"time":0.5667,"x":0,"y":0},{"time":1,"x":-2.99,"y":4.7},{"time":1.0667,"x":-3.45,"y":5.42},{"time":1.5667,"x":0,"y":0},{"time":2,"x":-2.99,"y":4.7}]},"Side_0010_Layer-11":{"rotate":[{"time":0,"angle":-3.22}],"translate":[{"time":0,"x":-2.49,"y":-0.12}]},"Side_0003_Layer-10-copy":{"translate":[{"time":0,"x":2.38,"y":0.19},{"time":0.0667,"x":2.94,"y":0.14},{"time":0.5667,"x":-1.25,"y":0.49},{"time":1,"x":2.38,"y":0.19},{"time":1.0667,"x":2.94,"y":0.14},{"time":1.5667,"x":-1.25,"y":0.49},{"time":2,"x":2.38,"y":0.19}]},"Side_0004_Layer-10":{"translate":[{"time":0,"x":-0.51,"y":-0.07},{"time":0.0667,"x":-0.84,"y":-0.04},{"time":0.5667,"x":1.68,"y":-0.25},{"time":1,"x":-0.51,"y":-0.07},{"time":1.0667,"x":-0.84,"y":-0.04},{"time":1.5667,"x":1.68,"y":-0.25},{"time":2,"x":-0.51,"y":-0.07}]},"Side_0002_Layer-4":{"translate":[{"time":0,"x":-1.85,"y":0.03},{"time":0.0333,"x":-2.36,"y":0.03},{"time":0.1,"x":-3.37,"y":0.05},{"time":0.3333,"x":0.67,"y":-0.01},{"time":0.6,"x":-3.37,"y":0.05},{"time":0.8333,"x":0.67,"y":-0.01},{"time":1,"x":-1.85,"y":0.03},{"time":1.0333,"x":-2.36,"y":0.03},{"time":1.1,"x":-3.37,"y":0.05},{"time":1.3333,"x":0.67,"y":-0.01},{"time":1.6,"x":-3.37,"y":0.05},{"time":1.8333,"x":0.67,"y":-0.01},{"time":2,"x":-1.85,"y":0.03}]},"Side_0008_Layer-6":{"translate":[{"time":0,"x":0,"y":-2.45},{"time":0.0667,"x":0,"y":-3.48},{"time":0.3,"x":0,"y":0.63},{"time":0.5667,"x":0,"y":-3.48},{"time":0.8,"x":0,"y":0.63},{"time":1,"x":0,"y":-2.45},{"time":1.0667,"x":0,"y":-3.48},{"time":1.3,"x":0,"y":0.63},{"time":1.5667,"x":0,"y":-3.48},{"time":1.8,"x":0,"y":0.63},{"time":2,"x":0,"y":-2.45}]}}},"shoot":{"slots":{"Gun Glow":{"color":[{"time":0,"color":"ffffffa9"},{"time":0.7,"color":"ffffffff"},{"time":1,"color":"ffffff00"}]}},"bones":{"Side_0014_Layer-7-copy":{"rotate":[{"time":0,"angle":3.87}],"scale":[{"time":0,"x":0.957,"y":1}]},"Side_0013_Layer-8-copy":{"rotate":[{"time":0,"angle":3.87}],"scale":[{"time":0,"x":0.957,"y":1}]},"Side_0013_Layer-8-copy2":{"rotate":[{"time":0,"angle":14.2}]},"Side_0015_Layer-8":{"rotate":[{"time":0,"angle":-5.41}],"scale":[{"time":0,"x":1.056,"y":1}]},"Side_0016_Layer-7":{"rotate":[{"time":0,"angle":4.01}],"scale":[{"time":0,"x":1.056,"y":1}]},"Side_0008_Layer-7":{"rotate":[{"time":0,"angle":13.4}]},"gunfront":{"translate":[{"time":0,"x":3.08,"y":4.95}]},"Side_0010_Layer-11":{"rotate":[{"time":0,"angle":19.59}]},"Side_0007_Layer-12":{"rotate":[{"time":0,"angle":-17.25}]},"Side_0006_Layer-12-copy":{"rotate":[{"time":0,"angle":78.24}]},"Side_0009_Layer-11-copy":{"rotate":[{"time":0,"angle":-19.96}]},"Side_0003_Layer-10-copy":{"rotate":[{"time":0,"angle":10.67}],"translate":[{"time":0,"x":1.1,"y":-0.32}]},"Side_0002_Layer-4":{"rotate":[{"time":0,"angle":-17.53}],"translate":[{"time":0,"x":1.44,"y":-1.04},{"time":0.1,"x":0.63,"y":-0.75},{"time":0.3333,"x":2.72,"y":-1.48},{"time":1,"x":0.9,"y":-0.84}]},"Side_0008_Layer-6":{"translate":[{"time":0,"x":0.84,"y":0.03},{"time":0.2333,"x":1.71,"y":2.46},{"time":0.6667,"x":0.84,"y":0.03}]},"gunfront2":{"rotate":[{"time":0,"angle":2.98}],"translate":[{"time":0,"x":51.09,"y":37.4}],"scale":[{"time":0,"x":0.522,"y":0.522}]},"gunfront3":{"scale":[{"time":0,"x":1.34,"y":1.34,"curve":[0.25,0,0.475,1]},{"time":0.2333,"x":2.217,"y":2.217,"curve":[0.543,0,0.75,1]},{"time":1,"x":1,"y":1}]}}},"throw":{},"walk":{"slots":{"FrontM_0007_Layer-35":{"attachment":[{"time":0,"name":"FrontM_0007_Layer-35"}]},"Gun":{"attachment":[{"time":0,"name":null}]},"Gun Glow":{"attachment":[{"time":0,"name":null}]}},"bones":{"Side_0016_Layer-7":{"rotate":[{"time":0,"angle":11.63},{"time":0.5,"angle":3.94},{"time":0.9,"angle":11.63}],"scale":[{"time":0,"x":1.09,"y":1},{"time":0.5,"x":0.664,"y":1},{"time":0.7,"x":0.807,"y":1},{"time":0.9,"x":0.974,"y":1},{"time":1,"x":1.09,"y":1}]},"Side_0015_Layer-8":{"rotate":[{"time":0,"angle":-8.37},{"time":0.5,"angle":-4.18},{"time":0.7,"angle":-1.3},{"time":0.9,"angle":-8.37}],"scale":[{"time":0,"x":0.93,"y":1},{"time":0.5,"x":0.771,"y":1},{"time":0.7,"x":0.629,"y":1},{"time":0.9,"x":0.831,"y":1},{"time":1,"x":0.93,"y":1}]},"Side_0011_Layer-9-copy":{"translate":[{"time":0,"x":-0.13,"y":1.31}]},"Side_0014_Layer-7-copy":{"rotate":[{"time":0,"angle":-2.97},{"time":0.5,"angle":-9.6},{"time":1,"angle":-2.97}],"scale":[{"time":0,"x":0.598,"y":1},{"time":0.2,"x":0.852,"y":1},{"time":0.4,"x":0.931,"y":0.927},{"time":0.5,"x":1.087,"y":0.927},{"time":1,"x":0.598,"y":1}]},"Side_0013_Layer-8-copy":{"rotate":[{"time":0,"angle":6.13},{"time":0.2,"angle":2.38},{"time":0.4,"angle":7.59,"curve":"stepped"},{"time":0.5,"angle":7.59},{"time":1,"angle":6.13}],"scale":[{"time":0,"x":0.844,"y":1},{"time":0.2,"x":0.585,"y":1},{"time":0.4,"x":0.902,"y":1},{"time":0.5,"x":0.951,"y":1},{"time":1,"x":0.844,"y":1}]},"Side_0013_Layer-8-copy2":{"rotate":[{"time":0,"angle":-4.5},{"time":0.2667,"angle":-20.68},{"time":0.4,"angle":-5.29},{"time":0.5,"angle":6.01},{"time":1,"angle":-4.5}],"translate":[{"time":0.2667,"x":0,"y":0},{"time":0.4,"x":0.21,"y":2.54},{"time":0.5,"x":0,"y":0}],"scale":[{"time":0,"x":0.863,"y":1},{"time":0.2667,"x":1.112,"y":1},{"time":0.4,"x":0.58,"y":1.144},{"time":0.5,"x":1.005,"y":1},{"time":1,"x":0.863,"y":1}]},"Side_0015_Layer-9":{"rotate":[{"time":0,"angle":-8.6},{"time":0.5,"angle":-9.26},{"time":0.7,"angle":26.68},{"time":0.9,"angle":-8.01},{"time":1,"angle":-8.6}],"translate":[{"time":0.5,"x":0,"y":0},{"time":0.7,"x":0.42,"y":1.3},{"time":0.9,"x":-1.82,"y":-2.08},{"time":1,"x":0,"y":0}],"scale":[{"time":0,"x":1.002,"y":1,"curve":"stepped"},{"time":0.5,"x":1.002,"y":1},{"time":0.7,"x":1.224,"y":1},{"time":0.9,"x":0.809,"y":1},{"time":1,"x":1.002,"y":1}]},"bone":{"translate":[{"time":0,"x":0,"y":0},{"time":0.2333,"x":0,"y":2.36},{"time":0.5,"x":0,"y":-3.78},{"time":0.7333,"x":0,"y":2.36},{"time":1,"x":0,"y":0}]},"Side_0008_Layer-7":{"rotate":[{"time":0,"angle":-2.62},{"time":0.0667,"angle":-3.62},{"time":0.5667,"angle":3.86},{"time":1,"angle":-2.62}]},"Side_0007_Layer-12":{"rotate":[{"time":0,"angle":14.86,"curve":[0.375,0.62,0.716,1]},{"time":0.1,"angle":13.57},{"time":0.6,"angle":23.5,"curve":[0.243,0,0.68,0.71]},{"time":1,"angle":14.86}],"scale":[{"time":0,"x":0.521,"y":1}]},"Side_0000_Layer-18":{"rotate":[{"time":0,"angle":-18.08},{"time":0.0667,"angle":-20.86},{"time":0.5667,"angle":0},{"time":1,"angle":-18.08}],"translate":[{"time":0,"x":-2.12,"y":8.18},{"time":0.0667,"x":-2.16,"y":8.66},{"time":0.5667,"x":-1.87,"y":5.03},{"time":1,"x":-2.12,"y":8.18}]},"Side_0010_Layer-11":{"rotate":[{"time":0,"angle":12.68,"curve":[0.375,0.62,0.716,1]},{"time":0.1,"angle":12.81},{"time":0.6,"angle":11.8,"curve":[0.243,0,0.68,0.71]},{"time":1,"angle":12.68}],"translate":[{"time":0,"x":-2.49,"y":-0.12}]},"Side_0003_Layer-10-copy":{"translate":[{"time":0,"x":2.38,"y":0.19},{"time":0.0667,"x":2.94,"y":0.14},{"time":0.5667,"x":-1.25,"y":0.49},{"time":1,"x":2.38,"y":0.19}]},"Side_0004_Layer-10":{"translate":[{"time":0,"x":-0.51,"y":-0.07},{"time":0.0667,"x":-0.84,"y":-0.04},{"time":0.5667,"x":1.68,"y":-0.25},{"time":1,"x":-0.51,"y":-0.07}]},"Side_0002_Layer-4":{"translate":[{"time":0,"x":-1.85,"y":0.03},{"time":0.0333,"x":-2.36,"y":0.03},{"time":0.1,"x":-3.37,"y":0.05},{"time":0.3333,"x":0.67,"y":-0.01},{"time":0.6,"x":-3.37,"y":0.05},{"time":0.8333,"x":0.67,"y":-0.01},{"time":1,"x":-1.85,"y":0.03}]},"Side_0008_Layer-6":{"translate":[{"time":0,"x":0,"y":-2.45},{"time":0.0667,"x":0,"y":-3.48},{"time":0.3,"x":0,"y":0.63},{"time":0.5667,"x":0,"y":-3.48},{"time":0.8,"x":0,"y":0.63},{"time":1,"x":0,"y":-2.45}]},"Side_0006_Layer-12-copy":{"rotate":[{"time":0,"angle":-38.18,"curve":[0.375,0.62,0.716,1]},{"time":0.1,"angle":-40.79},{"time":0.6,"angle":-20.68,"curve":[0.243,0,0.68,0.71]},{"time":1,"angle":-38.18}],"scale":[{"time":0,"x":0.657,"y":1,"curve":[0.375,0.62,0.716,1]},{"time":0.1,"x":0.606,"y":1},{"time":0.6,"x":1,"y":1,"curve":[0.243,0,0.68,0.71]},{"time":1,"x":0.657,"y":1}]},"Side_0001_Layer-17":{"rotate":[{"time":0,"angle":-18.42,"curve":[0.375,0.62,0.716,1]},{"time":0.1,"angle":-20.28},{"time":0.6,"angle":-5.95,"curve":[0.243,0,0.68,0.71]},{"time":1,"angle":-18.42}]},"Side_0009_Layer-11-copy":{"rotate":[{"time":0,"angle":7.55,"curve":[0.375,0.62,0.716,1]},{"time":0.1,"angle":6.59},{"time":0.6,"angle":13.99,"curve":[0.243,0,0.68,0.71]},{"time":1,"angle":7.55}],"translate":[{"time":0,"x":0.84,"y":0.03},{"time":0.1,"x":2.52,"y":0.1},{"time":0.6,"x":-1.25,"y":0.38},{"time":1,"x":0.84,"y":0.03}]}}}}}