{"skeleton":{"hash":"1sc2vmwZpcW+DLi4eTd0X+3pu1w","spine":"3.7.94","width":110.57,"height":185.01,"images":"./Medic Front/","audio":"D:/Daily Doodle/Commissions/2D isometric sprites/Quarter Back/../marine quarter"},"bones":[{"name":"root","x":0.0},{"name":"bone","parent":"root","x":1.69,"y":81.52},{"name":"chest","parent":"bone","length":36.28,"rotation":91.47,"x":5,"y":5.13},{"name":"chest2","parent":"chest","x":39.98,"y":-0.72},{"name":"chest4","parent":"chest2","x":-3.2,"y":-7.13},{"name":"Side_0010_Layer-11","parent":"chest4","length":24.44,"rotation":-70.78,"x":-3.06,"y":-7.98,"transform":"onlyTranslation"},{"name":"quarter_0002_Layer-1---3","parent":"chest4","length":29.53,"rotation":17.81,"x":7.43,"y":-8.39,"transform":"noRotationOrReflection"},{"name":"Side_0007_Layer-12","parent":"Side_0010_Layer-11","length":20.31,"rotation":-148.1,"x":23.77,"y":-0.17,"transform":"onlyTranslation"},{"name":"quarter_0004_Layer-1---5","parent":"bone","length":30.1,"rotation":-92.36,"x":12.96,"y":-1.55},{"name":"quarter_0006_Layer-1---7","parent":"quarter_0004_Layer-1---5","length":35.27,"rotation":15.05,"x":30.71,"y":0.03},{"name":"quarter_0006_Layer-1---8","parent":"quarter_0006_Layer-1---7","length":17.2,"rotation":-159.73,"x":37.86,"y":-1.22,"transform":"onlyTranslation"},{"name":"leg","parent":"bone","length":27.3,"rotation":-102.46,"x":1.95,"y":-3.21},{"name":"quarter_0005_Layer-1---6","parent":"leg","length":29.14,"rotation":13.07,"x":28.82,"y":0.33},{"name":"quarter_0005_Layer-1---7","parent":"quarter_0005_Layer-1---6","length":18.33,"rotation":-176.43,"x":30.06,"y":-1.56,"transform":"onlyTranslation"},{"name":"chest5","parent":"chest2","x":0.04,"y":6.76},{"name":"Side_0009_Layer-11-copy","parent":"chest5","length":22.02,"rotation":-146.3,"x":-4.04,"y":3.42,"transform":"onlyTranslation"},{"name":"quarter_0001_Layer-1---2","parent":"chest5","length":25.42,"rotation":149.15,"x":3.27,"y":3.78,"transform":"noRotationOrReflection"},{"name":"Side_0006_Layer-12-copy","parent":"Side_0009_Layer-11-copy","length":18.06,"rotation":121.56,"x":23.53,"y":0.33,"transform":"onlyTranslation"},{"name":"hand","parent":"Side_0006_Layer-12-copy","length":20.22,"rotation":-62.79,"x":18.11,"y":0.56},{"name":"Side_0001_Layer-17","parent":"Side_0007_Layer-12","length":27.34,"rotation":-174.73,"x":21.78,"y":-1.83,"transform":"onlyTranslation"},{"name":"chest3","parent":"chest","length":47.97,"rotation":100.8,"x":50.83,"y":-2.38,"transform":"noRotationOrReflection"},{"name":"bone3","parent":"root","x":20.75,"y":14.93,"color":"ff3f00ff"},{"name":"bone4","parent":"root","x":-3.89,"y":21.28,"color":"ff3f00ff"},{"name":"Side_0012_Layer-9","parent":"quarter_0004_Layer-1---5","rotation":-93.35,"x":31.27,"y":-5.85,"scaleY":0.588,"transform":"onlyTranslation"},{"name":"Side_0012_Layer-10","parent":"leg","rotation":-87.28,"x":30.78,"y":-4.89,"scaleX":0.879,"scaleY":0.508,"transform":"onlyTranslation"},{"name":"Gun2","parent":"root","length":38.28,"rotation":-171.27,"x":-37.52,"y":112.79,"scaleX":0.903},{"name":"Gun3","parent":"root","length":69.87,"rotation":-158.73,"x":-38.75,"y":75.08},{"name":"bone2","parent":"bone","length":37.67,"rotation":-89.58,"x":-5.31,"y":12.77,"shearY":-47.92},{"name":"chest6","parent":"chest","length":39.53,"rotation":-2.18,"x":50.97,"y":-14.31},{"name":"Side_0001_Layer-18","parent":"Side_0001_Layer-17","rotation":-174.73,"x":44.46,"y":-59.07,"transform":"onlyTranslation"}],"slots":[{"name":"FrontM_0008_Layer-24-copy","bone":"Side_0006_Layer-12-copy","attachment":"FrontM_0008_Layer-24-copy"},{"name":"FrontM_0011_Layer-23","bone":"Side_0009_Layer-11-copy","attachment":"FrontM_0011_Layer-23"},{"name":"FrontM_0017_Layer-26","bone":"chest6","attachment":"FrontM_0017_Layer-26"},{"name":"FrontM_0017_Layer-27","bone":"chest6","attachment":"FrontM_0017_Layer-26"},{"name":"drop shadow","bone":"root","attachment":"drop shadow"},{"name":"Variant_0009_Layer-22-copy-4","bone":"quarter_0001_Layer-1---2","attachment":"Variant_0009_Layer-22-copy-4"},{"name":"Variant_0012_Layer-18-copy-2","bone":"root","attachment":"Variant_0012_Layer-18-copy-2"},{"name":"Variant_0012_Layer-18-copy-3","bone":"root","attachment":"Variant_0012_Layer-18-copy-2"},{"name":"thigh","bone":"leg","attachment":"thigh"},{"name":"FrontM_0000_Layer-17-copy","bone":"Side_0012_Layer-10","attachment":"FrontM_0000_Layer-17-copy"},{"name":"FrontM_0015_Layer-13","bone":"bone2","attachment":"FrontM_0015_Layer-13"},{"name":"thigh2","bone":"quarter_0004_Layer-1---5","attachment":"thigh"},{"name":"Variant_0002_Layer-40","bone":"chest","attachment":"Variant_0002_Layer-40"},{"name":"Variant_0006_Layer-45-copy","bone":"chest3","attachment":"Variant_0006_Layer-45-copy"},{"name":"FrontM_0001_Layer-17","bone":"Side_0012_Layer-9","attachment":"FrontM_0001_Layer-17"},{"name":"FrontM_0013_Layer-22","bone":"quarter_0002_Layer-1---3","attachment":"FrontM_0013_Layer-22"},{"name":"FrontM_0009_Layer-23-copy","bone":"Side_0010_Layer-11","attachment":"FrontM_0009_Layer-23-copy"},{"name":"FrontM_0010_Layer-24","bone":"Side_0007_Layer-12","attachment":"FrontM_0010_Layer-24"},{"name":"FrontM_0007_Layer-35","bone":"Side_0001_Layer-17","attachment":"FrontM_0007_Layer-35"},{"name":"Gun Glow","bone":"Side_0001_Layer-18","blend":"additive"}],"ik":[{"name":"footL","order":1,"bones":["leg","quarter_0005_Layer-1---6"],"target":"bone4"},{"name":"footR","order":0,"bones":["quarter_0004_Layer-1---5","quarter_0006_Layer-1---7"],"target":"bone3"}],"skins":{"default":{"FrontM_0000_Layer-17-copy":{"FrontM_0000_Layer-17-copy":{"x":0.63,"y":0.53,"scaleX":0.854,"scaleY":0.997,"rotation":87.28,"width":13,"height":10}},"FrontM_0001_Layer-17":{"FrontM_0001_Layer-17":{"x":0.2,"y":0.31,"rotation":93.35,"width":13,"height":10}},"FrontM_0007_Layer-35":{"FrontM_0007_Layer-35":{"x":22.54,"y":-31.64,"scaleX":0.862,"rotation":107.6,"width":102,"height":42}},"FrontM_0008_Layer-24-copy":{"FrontM_0008_Layer-24-copy":{"x":8.13,"y":-0.13,"scaleY":0.773,"rotation":69.59,"width":21,"height":40}},"FrontM_0009_Layer-23-copy":{"FrontM_0009_Layer-23-copy":{"x":6.08,"y":0.63,"rotation":79.97,"width":16,"height":32}},"FrontM_0010_Layer-24":{"FrontM_0010_Layer-24":{"x":11.3,"y":0.98,"scaleY":0.943,"rotation":106.52,"width":21,"height":40}},"FrontM_0011_Layer-23":{"FrontM_0011_Layer-23":{"x":11.57,"y":0.44,"rotation":112.15,"width":16,"height":32}},"FrontM_0013_Layer-22":{"FrontM_0013_Layer-22":{"x":0.27,"y":-1.58,"rotation":-17.81,"width":19,"height":22}},"FrontM_0015_Layer-13":{"FrontM_0015_Layer-13":{"x":20.14,"y":-0.61,"rotation":89.58,"width":13,"height":46}},"FrontM_0017_Layer-26":{"FrontM_0017_Layer-26":{"x":11.5,"y":-1.45,"rotation":-89.29,"width":23,"height":55}},"FrontM_0017_Layer-27":{"FrontM_0017_Layer-26":{"x":6.83,"y":-12.82,"rotation":-89.29,"width":23,"height":55}},"Gun Glow":{"Gun Glow":{"x":-0.67,"y":-1.14,"scaleX":0.262,"scaleY":0.262,"rotation":174.73,"width":457,"height":457}},"Variant_0002_Layer-40":{"Variant_0002_Layer-40":{"x":20.73,"y":-2.02,"rotation":-91.47,"width":47,"height":71}},"Variant_0006_Layer-45-copy":{"Variant_0006_Layer-45-copy":{"x":16.47,"y":3.43,"scaleX":0.91,"scaleY":0.91,"rotation":-100.8,"width":41,"height":48}},"Variant_0009_Layer-22-copy-4":{"Variant_0009_Layer-22-copy-4":{"x":0.22,"y":-0.21,"rotation":-149.15,"width":19,"height":22}},"Variant_0012_Layer-18-copy-2":{"Variant_0012_Layer-18-copy-2":{"type":"mesh","uvs":[0.02779,0.85376,0.01597,0.93961,0.12825,0.99112,0.81961,0.97395,0.96143,0.91999,0.9437,0.65753,0.84915,0.60602,0.89052,0.50055,1,0.31414,0.98506,0.1498,0.8137,0.03942,0.54779,0,0.33506,0,0.2287,0.1081,0.18143,0.34603,0.34688,0.63546,0.34097,0.74584,0.29961,0.7998,0.14006,0.81942,0.17046,0.88716,0.41716,0.85824,0.50778,0.78775,0.52524,0.66445,0.49444,0.50015,0.44875,0.3148,0.47553,0.14234,0.72816,0.14128,0.70254,0.33875,0.71008,0.50131,0.71704,0.65137],"triangles":[21,29,3,21,22,29,5,29,6,5,3,29,21,16,22,16,15,22,15,23,22,22,28,29,22,23,28,29,28,6,23,14,24,23,15,14,6,28,7,23,27,28,28,27,7,7,27,8,8,26,9,26,8,27,23,24,27,14,13,24,26,10,9,24,25,27,27,25,26,24,13,25,13,12,25,25,11,26,25,12,11,26,11,10,2,20,3,20,21,3,20,19,17,20,2,19,2,1,19,19,0,18,0,19,1,3,5,4,19,18,17,17,16,20,20,16,21],"vertices":[1,10,12.02,-3.48,1,1,10,13.88,0.68,1,1,10,12.54,4.11,1,2,10,-2,8.66,0.93107,9,45.47,3.38,0.06893,2,10,-5.93,7.1,0.78013,9,42.76,6.63,0.21987,1,9,28.84,6.89,1,1,9,26.02,4.94,1,1,9,20.48,6.11,1,1,9,10.72,8.98,1,1,9,2,9.06,1,1,9,-4.02,5.57,1,1,9,-6.38,-0.18,1,1,9,-6.59,-4.86,1,1,9,-0.98,-7.46,1,1,9,11.57,-9.09,1,2,10,1.35,-11.8,0.01707,9,27.06,-6.17,0.98293,2,10,3.55,-6.38,0.38186,9,32.9,-6.57,0.61814,2,10,5.41,-4.03,0.83287,9,35.71,-7.62,0.16713,2,10,9.06,-4.31,0.99251,9,36.59,-11.17,0.00749,2,10,9.71,-0.71,0.99994,9,40.2,-10.67,6.0E-5,2,10,4.1,-0.22,0.99395,9,38.93,-5.18,0.00605,2,10,0.91,-3,0.4859,9,35.29,-3.01,0.5141,2,10,-1.78,-8.97,0.01459,9,28.78,-2.32,0.98541,1,9,20.05,-2.59,1,1,9,10.19,-3.14,1,1,9,1.09,-2.12,1,1,9,1.29,3.43,1,1,9,11.72,2.38,1,1,9,20.33,2.14,1,1,9,28.28,1.92,1],"hull":19,"edges":[0,2,2,4,4,6,6,8,8,10,10,12,12,14,14,16,16,18,18,20,20,22,22,24,24,26,26,28,28,30,30,32,32,34,34,36,0,36],"width":22,"height":53}},"Variant_0012_Layer-18-copy-3":{"Variant_0012_Layer-18-copy-2":{"type":"mesh","uvs":[0.02779,0.85376,0.01597,0.93961,0.12825,0.99112,0.81961,0.97395,0.96143,0.91999,0.9437,0.65753,0.84915,0.60602,0.89052,0.50055,1,0.31414,0.98506,0.1498,0.8137,0.03942,0.54779,0,0.33506,0,0.2287,0.1081,0.18143,0.34603,0.34688,0.63546,0.34097,0.74584,0.29961,0.7998,0.14006,0.81942,0.17046,0.88716,0.41716,0.85824,0.50778,0.78775,0.52524,0.66445,0.49444,0.50015,0.44875,0.3148,0.47553,0.14234,0.72816,0.14128,0.70254,0.33875,0.71008,0.50131,0.71704,0.65137],"triangles":[2,20,3,20,21,3,20,19,17,20,2,19,2,1,19,19,0,18,0,19,1,19,18,17,17,16,20,20,16,21,21,29,3,21,22,29,5,29,6,5,3,29,21,16,22,16,15,22,15,23,22,22,28,29,22,23,28,29,28,6,23,14,24,23,15,14,6,28,7,23,27,28,28,27,7,7,27,8,8,26,9,26,8,27,23,24,27,14,13,24,26,10,9,24,25,27,27,25,26,24,13,25,13,12,25,25,11,26,25,12,11,26,11,10,3,5,4],"vertices":[1,13,8.93,-0.76,1,1,13,9.55,2.78,1,1,13,7.76,5.11,1,2,12,35.95,2.94,0.60739,13,-4.95,5.53,0.39261,2,12,33.98,6.02,0.8235,13,-7.86,3.32,0.1765,1,12,22.17,6.27,1,1,12,20.03,4.53,1,1,12,15.63,5.26,1,1,12,7.85,7.22,1,1,12,1.01,6.91,1,1,12,-3.58,3.76,1,1,12,-5.19,-1.11,1,1,12,-5.17,-4.99,1,1,12,-0.65,-6.91,1,1,12,9.27,-7.72,1,2,12,21.3,-4.61,0.98082,13,3.72,-8.49,0.01918,2,12,25.62,-4.41,0.6303,13,3.19,-4.2,0.3697,2,12,27.39,-5.15,0.18121,13,3.79,-2.38,0.81879,2,12,27.55,-8.11,0.0011,13,6.73,-1.98,0.9989,1,13,6.5,0.87,1,1,13,1.88,0.09,1,2,12,27.52,-1.46,0.71844,13,0.1,-2.54,0.28156,2,12,22.5,-1.35,0.98745,13,0.38,-7.55,0.01255,1,12,15.66,-1.97,1,1,12,7.94,-2.85,1,1,12,0.75,-2.4,1,1,12,0.68,2.22,1,1,12,8.91,1.79,1,1,12,15.68,1.97,1,1,12,21.93,2.13,1],"hull":19,"edges":[0,2,2,4,4,6,6,8,8,10,10,12,12,14,14,16,16,18,18,20,20,22,22,24,24,26,26,28,28,30,30,32,32,34,34,36,0,36],"width":22,"height":53}},"thigh":{"thigh":{"x":12.71,"y":0.66,"scaleX":0.86,"scaleY":0.957,"rotation":105.59,"width":28,"height":40}},"thigh2":{"thigh":{"x":12.56,"y":1.49,"scaleY":1.081,"rotation":100.49,"width":28,"height":40}}}},"animations":{"shoot":{"slots":{"Gun Glow":{"color":[{"time":0,"color":"ffffff99"},{"time":0.6667,"color":"ffffffff"},{"time":1,"color":"ffffff00"}],"attachment":[{"time":0,"name":"Gun Glow"}]}},"bones":{"Gun2":{"rotate":[{"time":0,"angle":1.06}],"translate":[{"time":0,"x":7.41,"y":8.22}]},"bone4":{"translate":[{"time":0,"x":-2.86,"y":-7.41}]},"leg":{"scale":[{"time":0,"x":1.146,"y":1}]},"bone3":{"translate":[{"time":0,"x":9.21,"y":-1.7}]},"bone":{"translate":[{"time":0,"x":2.68,"y":-3.49,"curve":[0.25,0,0.466,1]},{"time":0.2333,"x":11.84,"y":-4.14,"curve":[0.47,0,0.75,1]},{"time":1,"x":-0.42,"y":-3.27}]},"Side_0006_Layer-12-copy":{"rotate":[{"time":0,"angle":75,"curve":[0.25,0,0.466,1]},{"time":0.2333,"angle":75.28,"curve":[0.47,0,0.75,1]},{"time":1,"angle":74.9}],"translate":[{"time":0,"x":0.3,"y":-0.5}]},"Side_0009_Layer-11-copy":{"rotate":[{"time":0,"angle":36.22,"curve":[0.25,0,0.466,1]},{"time":0.2333,"angle":38.03,"curve":[0.47,0,0.75,1]},{"time":1,"angle":35.6}],"translate":[{"time":0,"x":-3.77,"y":4.19}]},"quarter_0001_Layer-1---2":{"rotate":[{"time":0,"angle":-21.51}],"translate":[{"time":0,"x":-2.16,"y":2.48}]},"chest3":{"rotate":[{"time":0,"angle":4.93}],"translate":[{"time":0,"x":-1.66,"y":-4.26}]},"Side_0010_Layer-11":{"rotate":[{"time":0,"angle":42.67,"curve":[0.25,0,0.466,1]},{"time":0.2333,"angle":52.9,"curve":[0.47,0,0.75,1]},{"time":1,"angle":39.21}],"translate":[{"time":0,"x":-2.42,"y":-3.71}],"scale":[{"time":0,"x":0.784,"y":1}]},"Side_0007_Layer-12":{"rotate":[{"time":0,"angle":20.11,"curve":[0.25,0,0.466,1]},{"time":0.2333,"angle":30.33,"curve":[0.47,0,0.75,1]},{"time":1,"angle":16.65}],"translate":[{"time":0,"x":-3.33,"y":-1.75}]},"Side_0001_Layer-17":{"rotate":[{"time":0,"angle":35.82}],"translate":[{"time":0,"x":2.57,"y":1.52}]},"quarter_0002_Layer-1---3":{"rotate":[{"time":0,"angle":-48.13}],"translate":[{"time":0,"x":-2.89,"y":-2.36}]},"Gun3":{"rotate":[{"time":0,"angle":-21.5}],"translate":[{"time":0,"x":-37.75,"y":42.54}],"scale":[{"time":0,"x":0.576,"y":0.534}]},"chest4":{"translate":[{"time":0,"x":-0.83,"y":-0.07}]},"chest5":{"translate":[{"time":0,"x":3.37,"y":-1.97}]},"Side_0001_Layer-18":{"scale":[{"time":0,"x":1.051,"y":1.051,"curve":[0.25,0,0.475,1]},{"time":0.2333,"x":1.985,"y":1.985,"curve":[0.543,0,0.75,1]},{"time":1,"x":0.689,"y":0.689}]}}},"throw":{},"walk":{"bones":{"bone4":{"translate":[{"time":0,"x":-17.53,"y":-0.3},{"time":0.5,"x":24.97,"y":2.05},{"time":0.6667,"x":17.2,"y":12.79},{"time":0.8667,"x":-8.86,"y":1.41},{"time":1,"x":-17.53,"y":-0.3}]},"bone3":{"translate":[{"time":0,"x":7.1,"y":2.5},{"time":0.1667,"x":3.58,"y":12.8},{"time":0.3667,"x":-38.65,"y":8.69},{"time":0.5,"x":-30.93,"y":1.12},{"time":1,"x":7.1,"y":2.5}]},"bone":{"translate":[{"time":0,"x":-9.52,"y":-1.33},{"time":0.2333,"x":-8.59,"y":1.67},{"time":0.5,"x":-9.52,"y":-1.33},{"time":0.7333,"x":-8.59,"y":1.67},{"time":1,"x":-9.52,"y":-1.33}]},"quarter_0005_Layer-1---7":{"rotate":[{"time":0,"angle":6.3},{"time":0.5,"angle":-0.74},{"time":0.6333,"angle":41.13},{"time":0.8667,"angle":-7.23},{"time":1,"angle":8.45}]},"chest":{"rotate":[{"time":0,"angle":2.69},{"time":0.0333,"angle":3.23},{"time":0.1,"angle":4.31},{"time":0.3333,"angle":0},{"time":0.6,"angle":4.31},{"time":0.8333,"angle":0},{"time":1,"angle":2.69}],"translate":[{"time":0,"x":0.09,"y":-1.66},{"time":0.0667,"x":0,"y":-2.96},{"time":0.3,"x":0.37,"y":2.22},{"time":0.5667,"x":0,"y":-2.96},{"time":0.8,"x":0.37,"y":2.22},{"time":1,"x":0.09,"y":-1.66}]},"chest2":{"rotate":[{"time":0,"angle":-2.77},{"time":0.1,"angle":-5.5},{"time":0.6,"angle":8.15},{"time":1,"angle":-2.77}]},"chest5":{"translate":[{"time":0,"x":-0.02,"y":-3.7},{"time":0.1,"x":-0.02,"y":-4.63},{"time":0.6,"x":0,"y":0},{"time":1,"x":-0.02,"y":-3.7}]},"chest4":{"translate":[{"time":0,"x":0.02,"y":3.5},{"time":0.1,"x":0.02,"y":4.37},{"time":0.6,"x":0,"y":0},{"time":1,"x":0.02,"y":3.5}]},"Side_0010_Layer-11":{"rotate":[{"time":0,"angle":7.42},{"time":0.1,"angle":8.45},{"time":0.6,"angle":3.28},{"time":1,"angle":7.42}]},"Side_0007_Layer-12":{"rotate":[{"time":0,"angle":-2.66},{"time":0.1,"angle":-5.6},{"time":0.6,"angle":9.13},{"time":1,"angle":-2.66}]},"Side_0006_Layer-12-copy":{"rotate":[{"time":0,"angle":26.98},{"time":0.5,"angle":58.13},{"time":0.6,"angle":40.32},{"time":1,"angle":26.98}]},"hand":{"rotate":[{"time":0,"angle":7.92}],"translate":[{"time":0,"x":1.99,"y":1.13},{"time":0.1,"x":3.37,"y":-0.2},{"time":0.3333,"x":-0.07,"y":2.93},{"time":0.6,"x":-1.25,"y":-1.07},{"time":0.8333,"x":-0.3,"y":3.33},{"time":1,"x":1.99,"y":1.13}]},"chest3":{"rotate":[{"time":0,"angle":1.82},{"time":0.1,"angle":3.45},{"time":0.3333,"angle":-0.9},{"time":0.6,"angle":3.45},{"time":0.8333,"angle":-0.9},{"time":1,"angle":1.82}],"translate":[{"time":0,"x":-1.05,"y":0.22},{"time":0.1,"x":-2.27,"y":0.56},{"time":0.3333,"x":0.98,"y":-0.36},{"time":0.6,"x":-2.27,"y":0.56},{"time":0.8333,"x":0.98,"y":-0.36},{"time":1,"x":-1.05,"y":0.22}]},"quarter_0006_Layer-1---8":{"rotate":[{"time":0,"angle":0},{"time":0.1667,"angle":25.42},{"time":0.2667,"angle":32.05},{"time":0.3667,"angle":-23.86},{"time":0.5,"angle":0}]},"leg":{"scale":[{"time":0,"x":1.026,"y":1},{"time":0.5,"x":1.043,"y":0.995},{"time":1,"x":1.026,"y":1}]},"quarter_0005_Layer-1---6":{"scale":[{"time":0,"x":1.026,"y":1},{"time":0.5,"x":1.043,"y":0.995},{"time":1,"x":1.026,"y":1}]},"Side_0001_Layer-17":{"rotate":[{"time":0,"angle":6.61},{"time":0.5,"angle":20.49},{"time":1,"angle":6.61}]},"Side_0009_Layer-11-copy":{"rotate":[{"time":0,"angle":-3.43},{"time":0.5,"angle":1.87},{"time":0.6,"angle":-1.82},{"time":1,"angle":-3.43}]},"chest6":{"translate":[{"time":0,"x":-1.1,"y":0.13},{"time":0.1667,"x":-2.93,"y":0.21},{"time":0.4333,"x":-0.36,"y":0.09},{"time":0.6667,"x":-2.93,"y":0.21},{"time":0.9333,"x":-0.36,"y":0.09},{"time":1,"x":-1.1,"y":0.13}]}}}}}