{"skeleton":{"hash":"J/tDyr+hl34A6sgGavldUAWn2dA","spine":"3.7.94","width":124.52,"height":198.17,"images":"./Medic Front/","audio":"D:/Daily Doodle/Commissions/2D isometric sprites/Quarter Back/../marine quarter"},"bones":[{"name":"root","x":0},{"name":"bone","parent":"root","x":1.69,"y":81.52},{"name":"chest","parent":"bone","length":36.28,"rotation":91.47,"x":-0.31,"y":2.48},{"name":"chest2","parent":"chest","x":39.98,"y":-0.72},{"name":"chest4","parent":"chest2","x":-3.8,"y":-21.79},{"name":"Side_0010_Layer-11","parent":"chest4","length":24.44,"rotation":-63.37,"x":0.74,"y":-9.42,"transform":"onlyTranslation"},{"name":"quarter_0002_Layer-1---3","parent":"chest4","length":29.53,"rotation":17.81,"x":9.05,"y":-6.17,"transform":"noRotationOrReflection"},{"name":"Side_0007_Layer-12","parent":"Side_0010_Layer-11","length":20.31,"rotation":-130.46,"x":23.77,"y":-0.17,"transform":"onlyTranslation"},{"name":"quarter_0004_Layer-1---5","parent":"bone","length":30.1,"rotation":-92.36,"x":15.13,"y":-1.55},{"name":"quarter_0006_Layer-1---7","parent":"quarter_0004_Layer-1---5","length":35.27,"rotation":15.05,"x":30.71,"y":0.03},{"name":"quarter_0006_Layer-1---8","parent":"quarter_0006_Layer-1---7","length":17.2,"rotation":-136.2,"x":37.86,"y":-1.22,"transform":"onlyTranslation"},{"name":"leg","parent":"bone","length":27.3,"rotation":-102.46,"x":-7.15,"y":-0.3,"scaleX":1.041},{"name":"quarter_0005_Layer-1---6","parent":"leg","length":29.14,"rotation":13.07,"x":28.82,"y":0.33,"scaleX":1.041},{"name":"quarter_0005_Layer-1---7","parent":"quarter_0005_Layer-1---6","length":18.33,"rotation":-154.55,"x":30.06,"y":-1.56,"transform":"onlyTranslation"},{"name":"chest5","parent":"chest2","x":2.22,"y":9.88},{"name":"Side_0009_Layer-11-copy","parent":"chest5","length":22.02,"rotation":-98.8,"x":-4.04,"y":3.42,"transform":"onlyTranslation"},{"name":"quarter_0001_Layer-1---2","parent":"chest5","length":25.42,"rotation":149.15,"x":7.33,"y":3.46,"transform":"noRotationOrReflection"},{"name":"Side_0006_Layer-12-copy","parent":"Side_0009_Layer-11-copy","length":18.06,"rotation":179.19,"x":22.03,"y":1.85,"transform":"onlyTranslation"},{"name":"hand","parent":"Side_0006_Layer-12-copy","length":20.22,"rotation":-62.79,"x":18.11,"y":0.56},{"name":"Side_0001_Layer-17","parent":"Side_0007_Layer-12","length":27.34,"rotation":-62.79,"x":23.34,"y":-0.39,"transform":"noScale"},{"name":"chest3","parent":"chest","length":47.97,"rotation":100.8,"x":48.87,"y":-4.97,"transform":"noRotationOrReflection"},{"name":"bone3","parent":"root","x":27.19,"y":14.93,"color":"ff3f00ff"},{"name":"bone4","parent":"root","x":-12.67,"y":20.49,"color":"ff3f00ff"},{"name":"Side_0012_Layer-9","parent":"quarter_0004_Layer-1---5","rotation":-80.53,"x":30.64,"y":-3.25,"transform":"onlyTranslation"},{"name":"Side_0012_Layer-10","parent":"leg","rotation":-81.49,"x":28.46,"y":-4.18,"scaleX":0.879,"scaleY":0.728,"transform":"onlyTranslation"},{"name":"Gun2","parent":"Side_0001_Layer-17","length":38.28,"rotation":-156.86,"x":17.65,"y":-11.56,"transform":"onlyTranslation"},{"name":"Gun3","parent":"root","length":69.87,"rotation":-158.73,"x":-38.75,"y":75.08},{"name":"bone2","parent":"bone","length":39.45,"rotation":-90.76,"x":-2.61,"y":-2.03,"shearY":-14.48},{"name":"chest6","parent":"chest","length":35.67,"rotation":-1.47,"x":51.37,"y":-16.65},{"name":"Gun4","parent":"Gun2","rotation":-156.86,"x":39.21,"y":-11.41,"scaleX":0.232,"scaleY":0.232,"transform":"onlyTranslation"}],"slots":[{"name":"drop shadow","bone":"root","attachment":"drop shadow"},{"name":"FrontM_0003_Layer-20","bone":"root","attachment":"FrontM_0003_Layer-18"},{"name":"FrontM_0009_Layer-23-copy","bone":"Side_0010_Layer-11","attachment":"FrontM_0009_Layer-23-copy"},{"name":"FrontM_0011_Layer-23","bone":"Side_0009_Layer-11-copy","attachment":"FrontM_0011_Layer-23"},{"name":"FrontM_0010_Layer-24","bone":"Side_0006_Layer-12-copy","attachment":"FrontM_0010_Layer-24"},{"name":"FrontM_0017_Layer-26","bone":"chest6","attachment":"FrontM_0017_Layer-26"},{"name":"FrontM_0017_Layer-27","bone":"chest6","attachment":"FrontM_0017_Layer-26"},{"name":"Gun Glow","bone":"root"},{"name":"thigh2","bone":"leg","attachment":"thigh"},{"name":"FrontM_0000_Layer-17-copy","bone":"Side_0012_Layer-10","attachment":"FrontM_0000_Layer-17-copy"},{"name":"FrontM_0003_Layer-18","bone":"root","attachment":"FrontM_0003_Layer-18"},{"name":"thigh","bone":"quarter_0004_Layer-1---5","attachment":"thigh"},{"name":"FrontM_0013_Layer-22","bone":"quarter_0001_Layer-1---2","attachment":"FrontM_0013_Layer-22"},{"name":"FrontM_0015_Layer-13","bone":"bone2","attachment":"FrontM_0015_Layer-13"},{"name":"FrontM_0001_Layer-17","bone":"Side_0012_Layer-9","attachment":"FrontM_0001_Layer-17"},{"name":"Variant_0003_Layer-9-copy","bone":"chest","attachment":"Variant_0003_Layer-9-copy"},{"name":"FrontM_0013_Layer-23","bone":"quarter_0002_Layer-1---3","attachment":"FrontM_0013_Layer-22"},{"name":"FrontM_0008_Layer-24-copy","bone":"Side_0007_Layer-12","attachment":"FrontM_0008_Layer-24-copy"},{"name":"FrontM_0007_Layer-35","bone":"Side_0001_Layer-17","attachment":"FrontM_0007_Layer-35"},{"name":"Gun","bone":"Gun2","attachment":"Gun"},{"name":"Variant_0007_Layer-45","bone":"chest3","attachment":"Variant_0007_Layer-45"},{"name":"Gun Glow2","bone":"Gun4","blend":"additive"}],"ik":[{"name":"footL","order":1,"bones":["leg","quarter_0005_Layer-1---6"],"target":"bone4"},{"name":"footR","order":0,"bones":["quarter_0004_Layer-1---5","quarter_0006_Layer-1---7"],"target":"bone3"}],"skins":{"default":{"FrontM_0000_Layer-17-copy":{"FrontM_0000_Layer-17-copy":{"x":0.4,"y":0.63,"rotation":81.49,"width":13,"height":10}},"FrontM_0001_Layer-17":{"FrontM_0001_Layer-17":{"x":0.4,"y":-0.17,"rotation":93.35,"width":13,"height":10}},"FrontM_0003_Layer-18":{"FrontM_0003_Layer-18":{"type":"mesh","uvs":[0,0.9116,0.08522,0.98005,0.39764,0.99249,0.69827,0.97383,0.94585,0.89501,0.94585,0.76227,0.91048,0.6399,0.81027,0.5839,0.88101,0.50509,0.99301,0.31427,1,0.16079,0.83975,0.04879,0.60985,0.00316,0.27975,0,0.14417,0.06124,0.07933,0.17946,0.10291,0.42627,0.23259,0.59427,0.28564,0.63575,0.2208,0.67516,0.2267,0.76849,0.15596,0.83279,0,0.87427,0.25937,0.89727,0.36039,0.82705,0.42145,0.75265,0.43673,0.67377,0.45114,0.59695,0.31775,0.41808,0.30135,0.15935,0.62876,0.17429,0.6445,0.42041,0.65609,0.60551,0.67343,0.6777,0.69791,0.77542,0.58568,0.87231,0.43821,0.92544],"triangles":[24,20,25,23,20,24,21,20,23,1,0,22,36,25,35,24,25,36,4,3,5,35,34,3,21,1,22,1,21,23,2,24,36,23,24,2,1,23,2,3,2,36,3,36,35,29,13,12,14,13,29,30,12,11,29,12,30,15,14,29,9,11,10,30,11,9,28,29,30,16,15,29,31,30,9,28,30,31,28,16,29,8,31,9,7,31,8,17,16,28,27,28,31,18,17,28,32,31,7,27,31,32,27,18,28,26,18,27,33,32,7,25,18,26,20,19,18,20,18,25,34,33,7,26,32,33,32,26,27,35,33,34,33,25,26,35,25,33,5,34,6,34,5,3,6,34,7],"vertices":[1,10,10.29,-5.28,1,1,10,12.27,-1.77,1,1,10,9.24,3.38,1,2,9,46.46,0.98,0.00863,10,5,7.34,0.99137,2,9,42.59,6,0.22274,10,-1.23,8.54,0.77726,2,9,35.44,6.56,0.86297,10,-6.96,4.24,0.13703,1,9,28.8,6.41,1,1,9,25.64,4.75,1,1,9,21.5,6.42,1,1,9,11.39,9.34,1,1,9,3.14,10.12,1,1,9,-3.13,7.56,1,1,9,-5.92,3.4,1,1,9,-6.58,-2.84,1,1,9,-3.49,-5.67,1,1,9,2.78,-7.4,1,1,9,16.1,-7.99,1,2,9,25.34,-6.24,0.99775,10,-6.07,-12.05,0.00225,2,9,27.65,-5.41,0.97051,10,-4.88,-9.9,0.02949,2,9,29.68,-6.81,0.8873,10,-2.44,-9.6,0.1127,2,9,34.71,-7.09,0.42635,10,1.52,-6.48,0.57365,2,9,38.07,-8.7,0.06149,10,5.1,-5.47,0.93851,2,9,40.07,-11.83,8.4E-4,10,8.68,-6.49,0.99916,2,9,41.69,-7.01,0.00257,10,6.71,-1.81,0.99743,2,9,38.06,-4.8,0.09779,10,2.52,-2.55,0.90221,2,9,34.15,-3.33,0.68069,10,-1.39,-4.04,0.31931,2,9,29.92,-2.71,0.96309,10,-4.97,-6.37,0.03691,2,9,25.81,-2.11,0.99935,10,-8.45,-8.64,6.5E-4,1,9,15.98,-3.89,1,1,9,2.03,-3.11,1,1,9,3.32,3.03,1,1,9,16.59,2.29,1,1,9,26.57,1.73,1,1,9,30.48,1.76,1,2,9,35.78,1.81,0.87961,10,-3.56,0.9,0.12039,2,9,40.83,-0.72,0.01026,10,1.9,2.34,0.98974,1,10,5.88,1.82,1],"hull":23,"edges":[0,2,2,4,4,6,6,8,8,10,10,12,12,14,14,16,16,18,18,20,20,22,22,24,24,26,26,28,28,30,30,32,32,34,34,36,36,38,38,40,40,42,42,44,0,44],"width":19,"height":54}},"FrontM_0003_Layer-20":{"FrontM_0003_Layer-18":{"type":"mesh","uvs":[0,0.9116,0.08522,0.98005,0.39764,0.99249,0.69827,0.97383,0.94585,0.89501,0.94585,0.76227,0.91048,0.6399,0.81027,0.5839,0.88101,0.50509,0.99301,0.31427,1,0.16079,0.83975,0.04879,0.60985,0.00316,0.27975,0,0.14417,0.06124,0.07933,0.17946,0.10291,0.42627,0.23259,0.59427,0.28564,0.63575,0.2208,0.67516,0.2267,0.76849,0.15596,0.83279,0,0.87427,0.25937,0.89727,0.36039,0.82705,0.42145,0.75265,0.43673,0.67377,0.45114,0.59695,0.31775,0.41808,0.30135,0.15935,0.62876,0.17429,0.6445,0.42041,0.65609,0.60551,0.67343,0.6777,0.69791,0.77542,0.58568,0.87231,0.43821,0.92544],"triangles":[24,20,25,23,20,24,21,20,23,1,0,22,36,25,35,24,25,36,35,34,3,21,1,22,1,21,23,2,24,36,23,24,2,1,23,2,3,2,36,3,36,35,29,13,12,14,13,29,30,12,11,29,12,30,15,14,29,9,11,10,30,11,9,28,29,30,16,15,29,31,30,9,28,30,31,28,16,29,8,31,9,7,31,8,17,16,28,27,28,31,18,17,28,32,31,7,27,31,32,27,18,28,26,18,27,33,32,7,25,18,26,20,19,18,20,18,25,34,33,7,26,32,33,32,26,27,35,33,34,33,25,26,35,25,33,5,34,6,34,5,3,6,34,7,4,3,5],"vertices":[1,13,9.32,-3.01,1,1,13,10.68,0.09,1,2,12,36.85,-4.22,0.02027,13,7.26,2.82,0.97973,2,12,35.17,0.63,0.21528,13,3.02,4.69,0.78472,2,12,33.96,5.14,0.62352,13,-1.93,7.26,0.37648,2,12,28.63,5.69,0.99018,13,-6.28,3.89,0.00982,1,12,22.88,5.54,1,1,12,20.15,4.1,1,1,12,16.57,5.53,1,1,12,7.82,8.04,1,1,12,0.68,8.7,1,1,12,-4.73,6.47,1,1,12,-7.14,2.86,1,1,12,-7.7,-2.54,1,1,12,-5.01,-4.97,1,1,12,0.41,-6.45,1,1,12,11.93,-6.94,1,2,12,19.92,-5.4,0.98168,13,-4.08,-10.04,0.01832,2,12,21.92,-4.68,0.90758,13,-3.25,-8.09,0.09242,2,12,23.67,-5.88,0.74252,13,-1.17,-7.62,0.25748,2,12,28.05,-6.12,0.1994,13,1.97,-4.56,0.8006,2,12,30.84,-7.5,0.00314,13,4.92,-3.48,0.99686,1,13,8.06,-4.14,1,1,13,5.83,-0.76,1,2,12,30.62,-4.16,0.00311,13,2.4,-1.41,0.99689,2,12,27.68,-2.87,0.46115,13,-0.71,-2.6,0.53885,2,12,23.87,-2.34,0.89848,13,-3.63,-5.06,0.10152,2,12,20.31,-1.83,0.99093,13,-6.43,-7.32,0.00907,1,12,11.82,-3.39,1,1,12,-0.25,-2.74,1,1,12,0.85,2.57,1,1,12,12.33,1.96,1,1,12,20.97,1.49,1,1,12,24.35,1.52,1,2,12,29.14,1.58,0.99509,13,-3,1.51,0.00491,2,12,31.86,-0.73,0.20816,13,1.17,1.63,0.79184,2,12,33.93,-3.33,0.03499,13,4.57,1.32,0.96501],"hull":23,"edges":[0,2,2,4,4,6,6,8,8,10,10,12,12,14,14,16,16,18,18,20,20,22,22,24,24,26,26,28,28,30,30,32,32,34,34,36,36,38,38,40,40,42,42,44,0,44],"width":19,"height":54}},"FrontM_0007_Layer-35":{"FrontM_0007_Layer-35":{"x":42.75,"y":-9.97,"rotation":154.78,"width":102,"height":42}},"FrontM_0008_Layer-24-copy":{"FrontM_0008_Layer-24-copy":{"x":13.01,"y":-0.73,"scaleY":0.919,"rotation":82.48,"width":21,"height":40}},"FrontM_0009_Layer-23-copy":{"FrontM_0009_Layer-23-copy":{"x":9.07,"y":0.07,"rotation":82.55,"width":16,"height":32}},"FrontM_0010_Layer-24":{"FrontM_0010_Layer-24":{"x":10.81,"y":1.35,"scaleY":0.794,"rotation":108.25,"width":21,"height":40}},"FrontM_0011_Layer-23":{"FrontM_0011_Layer-23":{"x":8.15,"y":-0.39,"rotation":95.56,"width":16,"height":32}},"FrontM_0013_Layer-22":{"FrontM_0013_Layer-22":{"x":-0.3,"y":1.22,"rotation":-149.15,"width":19,"height":22}},"FrontM_0013_Layer-23":{"FrontM_0013_Layer-22":{"x":0.34,"y":0.45,"scaleX":1.129,"scaleY":1.129,"rotation":-17.81,"width":19,"height":22}},"FrontM_0015_Layer-13":{"FrontM_0015_Layer-13":{"x":13.38,"y":0.17,"rotation":90.76,"width":13,"height":46}},"FrontM_0017_Layer-26":{"FrontM_0017_Layer-26":{"x":20.32,"y":10.89,"scaleX":1.056,"scaleY":1.056,"rotation":-90,"width":23,"height":55}},"FrontM_0017_Layer-27":{"FrontM_0017_Layer-26":{"x":18.18,"y":-14.82,"scaleX":1.056,"scaleY":1.056,"rotation":-90,"width":23,"height":55}},"Gun":{"Gun":{"x":20.6,"y":-6.92,"rotation":156.86,"width":62,"height":38}},"Gun Glow":{"Gun Glow":{"x":228.22,"y":-124.54,"width":457,"height":457}},"Gun Glow2":{"Gun Glow":{"x":0.5,"y":0.5,"width":457,"height":457}},"Variant_0003_Layer-9-copy":{"Variant_0003_Layer-9-copy":{"x":22.5,"y":-7.49,"scaleX":0.974,"rotation":-94.05,"width":50,"height":70}},"Variant_0007_Layer-45":{"Variant_0007_Layer-45":{"x":21.62,"y":-1.81,"scaleX":0.902,"scaleY":0.902,"rotation":-100.8,"width":43,"height":53}},"thigh":{"thigh":{"x":13.64,"y":1.55,"rotation":99.84,"width":28,"height":40}},"thigh2":{"thigh":{"x":12.44,"y":2.1,"scaleX":0.88,"scaleY":0.88,"rotation":102.25,"width":28,"height":40}}}},"animations":{"shoot":{"slots":{"FrontM_0007_Layer-35":{"attachment":[{"time":0,"name":null}]},"Gun Glow2":{"color":[{"time":0,"color":"ffffff7f"},{"time":0.6,"color":"ffffffff"},{"time":1,"color":"ffffff00"}],"attachment":[{"time":0,"name":"Gun Glow"}]}},"bones":{"Gun2":{"rotate":[{"time":0,"angle":2.49}],"translate":[{"time":0,"x":-11.33,"y":7.09}],"scale":[{"time":0,"x":1.198,"y":1}]},"bone4":{"translate":[{"time":0,"x":-5.93,"y":-7.41}]},"leg":{"scale":[{"time":0,"x":1.146,"y":1}]},"bone3":{"translate":[{"time":0,"x":6.42,"y":1.48}]},"bone":{"translate":[{"time":0,"x":-5.5,"y":-3.43,"curve":[0.312,0.27,0.649,0.64]},{"time":0.2333,"x":1.05,"y":-1.79,"curve":[0.25,0,0.379,1]},{"time":1,"x":-6.02,"y":-3.56}]},"Side_0006_Layer-12-copy":{"rotate":[{"time":0,"angle":84.39}],"translate":[{"time":0,"x":-2.01,"y":-2.14}],"scale":[{"time":0,"x":0.836,"y":1}]},"Side_0009_Layer-11-copy":{"rotate":[{"time":0,"angle":-23.9}]},"quarter_0001_Layer-1---2":{"rotate":[{"time":0,"angle":-21.51}]},"chest3":{"rotate":[{"time":0,"angle":-2.4}],"translate":[{"time":0,"x":-0.43,"y":-1.69}]},"Side_0010_Layer-11":{"rotate":[{"time":0,"angle":-19.24}],"scale":[{"time":0,"x":0.784,"y":1}]},"Side_0007_Layer-12":{"rotate":[{"time":0,"angle":-54.16}],"translate":[{"time":0,"x":1.78,"y":1.24}]},"Side_0001_Layer-17":{"rotate":[{"time":0,"angle":46.15}],"translate":[{"time":0,"x":-0.98,"y":6.1}]},"Gun3":{"rotate":[{"time":0,"angle":5.61}],"translate":[{"time":0,"x":34.89,"y":23.83}],"scale":[{"time":0,"x":0.576,"y":0.534}]},"chest":{"rotate":[{"time":0,"angle":3.64}]},"Gun4":{"scale":[{"time":0,"x":1.319,"y":1.319,"curve":[0.25,0,0.475,1]},{"time":0.2333,"x":2.308,"y":2.308,"curve":[0.543,0,0.75,1]},{"time":1,"x":0.937,"y":0.937}]}}},"throw":{},"walk":{"slots":{"Gun":{"attachment":[{"time":0,"name":null}]}},"bones":{"bone4":{"translate":[{"time":0,"x":-7.1,"y":-8.45},{"time":0.5,"x":21.06,"y":4.66},{"time":0.6667,"x":17.2,"y":12.79},{"time":0.8667,"x":-8.86,"y":1.41},{"time":1,"x":-7.1,"y":-8.45}]},"leg":{"scale":[{"time":0,"x":1.111,"y":1},{"time":0.5,"x":1.027,"y":1},{"time":0.6667,"x":0.929,"y":1},{"time":0.7667,"x":1.027,"y":1},{"time":1,"x":1.111,"y":1}]},"quarter_0005_Layer-1---6":{"scale":[{"time":0,"x":1.111,"y":1},{"time":0.5,"x":1.027,"y":1,"curve":"stepped"},{"time":0.7667,"x":1.027,"y":1},{"time":1,"x":1.111,"y":1}]},"bone3":{"translate":[{"time":0,"x":7.1,"y":15.21},{"time":0.1667,"x":3.58,"y":22.25},{"time":0.3667,"x":-25.29,"y":6.41},{"time":0.5,"x":-17.89,"y":-3.45},{"time":1,"x":7.1,"y":15.21}]},"quarter_0004_Layer-1---5":{"scale":[{"time":0,"x":0.927,"y":1},{"time":0.3667,"x":0.995,"y":1},{"time":0.5,"x":1.044,"y":1},{"time":1,"x":0.927,"y":1}]},"quarter_0006_Layer-1---7":{"scale":[{"time":0,"x":0.867,"y":1},{"time":0.3667,"x":0.995,"y":1},{"time":0.5,"x":1.044,"y":1},{"time":1,"x":0.867,"y":1}]},"bone":{"translate":[{"time":0,"x":-9.52,"y":-1.33},{"time":0.2333,"x":-8.59,"y":1.67},{"time":0.5,"x":-9.52,"y":-1.33},{"time":0.7333,"x":-8.59,"y":1.67},{"time":1,"x":-9.52,"y":-1.33}]},"quarter_0005_Layer-1---7":{"rotate":[{"time":0,"angle":8.45,"curve":"stepped"},{"time":0.5,"angle":8.45},{"time":0.6333,"angle":41.13},{"time":0.8667,"angle":-7.23},{"time":1,"angle":8.45}]},"chest":{"rotate":[{"time":0,"angle":2.69},{"time":0.0333,"angle":3.23},{"time":0.1,"angle":4.31},{"time":0.3333,"angle":0},{"time":0.6,"angle":4.31},{"time":0.8333,"angle":0},{"time":1,"angle":2.69}],"translate":[{"time":0,"x":0.09,"y":-1.66},{"time":0.0667,"x":0,"y":-2.96},{"time":0.3,"x":0.37,"y":2.22},{"time":0.5667,"x":0,"y":-2.96},{"time":0.8,"x":0.37,"y":2.22},{"time":1,"x":0.09,"y":-1.66}]},"chest2":{"rotate":[{"time":0,"angle":-2.77},{"time":0.1,"angle":-5.5},{"time":0.6,"angle":8.15},{"time":1,"angle":-2.77}]},"chest5":{"translate":[{"time":0,"x":-0.02,"y":-3.7},{"time":0.1,"x":-0.02,"y":-4.63},{"time":0.6,"x":0,"y":0},{"time":1,"x":-0.02,"y":-3.7}]},"chest4":{"translate":[{"time":0,"x":0.02,"y":3.5},{"time":0.1,"x":0.02,"y":4.37},{"time":0.6,"x":0,"y":0},{"time":1,"x":0.02,"y":3.5}]},"Side_0010_Layer-11":{"rotate":[{"time":0,"angle":7.42},{"time":0.1,"angle":8.45},{"time":0.6,"angle":3.28},{"time":1,"angle":7.42}]},"Side_0007_Layer-12":{"rotate":[{"time":0,"angle":-2.66},{"time":0.1,"angle":-5.6},{"time":0.6,"angle":9.13},{"time":1,"angle":-2.66}]},"Side_0006_Layer-12-copy":{"rotate":[{"time":0,"angle":-17.45},{"time":0.1,"angle":-21.54},{"time":0.6,"angle":-1.09},{"time":1,"angle":-17.45}]},"hand":{"rotate":[{"time":0,"angle":7.92}],"translate":[{"time":0,"x":1.99,"y":1.13},{"time":0.1,"x":3.37,"y":-0.2},{"time":0.3333,"x":-0.07,"y":2.93},{"time":0.6,"x":-1.25,"y":-1.07},{"time":0.8333,"x":-0.3,"y":3.33},{"time":1,"x":1.99,"y":1.13}]},"chest3":{"rotate":[{"time":0,"angle":1.82},{"time":0.1,"angle":3.45},{"time":0.3333,"angle":-0.9},{"time":0.6,"angle":3.45},{"time":0.8333,"angle":-0.9},{"time":1,"angle":1.82}],"translate":[{"time":0,"x":-1.05,"y":0.22},{"time":0.1,"x":-2.27,"y":0.56},{"time":0.3333,"x":0.98,"y":-0.36},{"time":0.6,"x":-2.27,"y":0.56},{"time":0.8333,"x":0.98,"y":-0.36},{"time":1,"x":-1.05,"y":0.22}]},"quarter_0006_Layer-1---8":{"rotate":[{"time":0,"angle":0},{"time":0.1667,"angle":25.42},{"time":0.2667,"angle":32.05},{"time":0.3667,"angle":-23.86},{"time":0.5,"angle":0}]},"bone2":{"rotate":[{"time":0,"angle":-2.46,"curve":[0.349,0.62,0.681,1]},{"time":0.1,"angle":0},{"time":0.5333,"angle":-19.17,"curve":[0.419,0,0.738,0.74]},{"time":1,"angle":-2.46}],"shear":[{"time":0,"x":0,"y":4.33,"curve":[0.349,0.62,0.681,1]},{"time":0.1,"x":0,"y":0,"curve":[0.25,0,0.75,1]},{"time":0.5333,"x":0,"y":33.74,"curve":[0.419,0,0.738,0.74]},{"time":1,"x":0,"y":4.33}]},"chest6":{"translate":[{"time":0,"x":-3.18,"y":0.23,"curve":[0.43,0,0.75,1]},{"time":0.2667,"x":-6.77,"y":0.49,"curve":[0.233,0,0.327,1]},{"time":0.5,"x":-3.18,"y":0.23,"curve":[0.43,0,0.75,1]},{"time":0.7667,"x":-6.77,"y":0.49,"curve":[0.233,0,0.327,1]},{"time":1,"x":-3.18,"y":0.23}]}}}}}