{"skeleton":{"hash":"34opHxcio20psQbeexPWIPncTDA","spine":"3.7.94","width":122.73,"height":185.95,"images":"./Medic Front/","audio":"D:/Daily Doodle/Commissions/2D isometric sprites/Quarter Back/../Marine front"},"bones":[{"name":"root","x":0,"y":0},{"name":"bone","parent":"root","x":-0.77,"y":69.63},{"name":"Side_0008_Layer-6","parent":"bone","length":38.48,"rotation":90.85,"x":-0.28,"y":3.42},{"name":"Side_0002_Layer-4","parent":"Side_0008_Layer-6","length":48.74,"rotation":0.16,"x":48.56,"y":-0.63},{"name":"Side_0008_Layer-7","parent":"Side_0008_Layer-6","x":35.63,"y":0.33},{"name":"Side_0004_Layer-10","parent":"Side_0008_Layer-7","length":34.7,"rotation":24.25,"x":8.44,"y":-23.28,"transform":"noRotationOrReflection"},{"name":"Side_0003_Layer-10-copy","parent":"Side_0008_Layer-7","length":35.56,"rotation":152.82,"x":8.33,"y":23.83,"transform":"noRotationOrReflection"},{"name":"Side_0016_Layer-7","parent":"bone","length":29.1,"rotation":-104.17,"x":-9.91,"y":0.29,"transform":"onlyTranslation"},{"name":"Side_0015_Layer-8","parent":"Side_0016_Layer-7","length":36.76,"rotation":14.17,"x":30,"y":-0.07,"transform":"noScale"},{"name":"Side_0011_Layer-9-copy","parent":"Side_0016_Layer-7","x":28.76,"y":-0.97},{"name":"Side_0014_Layer-7-copy","parent":"bone","length":28.15,"rotation":-74.13,"x":10.5,"y":0.29,"transform":"onlyTranslation"},{"name":"Side_0013_Layer-8-copy","parent":"Side_0014_Layer-7-copy","length":33.06,"rotation":-16.36,"x":30.1,"y":0.63,"transform":"noScale"},{"name":"Side_0012_Layer-9","parent":"Side_0014_Layer-7-copy","x":29.52,"y":1.69},{"name":"Side_0013_Layer-8-copy2","parent":"Side_0013_Layer-8-copy","length":19.27,"rotation":24.03,"x":34.78,"y":-0.56,"transform":"noScale"},{"name":"Side_0015_Layer-9","parent":"Side_0015_Layer-8","length":18.15,"rotation":-18.93,"x":36.19,"y":-0.28,"transform":"noScale"},{"name":"bone2","parent":"root","x":-0.45,"y":-2.49},{"name":"gunfront2","parent":"root","rotation":-123.02,"x":-74.26,"y":13.62},{"name":"Back_0007_Layer-11-copy","parent":"Side_0008_Layer-7","length":24.2,"rotation":152,"x":4.79,"y":25.54},{"name":"Back_0004_Layer-12-copy","parent":"Back_0007_Layer-11-copy","length":20.65,"rotation":92.93,"x":20.52,"y":0.67,"scaleX":0.501},{"name":"Back_0008_Layer-11","parent":"Side_0004_Layer-10","length":23.8,"rotation":-112.4,"x":-1.96,"y":-7.54},{"name":"Back_0005_Layer-12","parent":"Back_0008_Layer-11","length":22.37,"rotation":50.22,"x":22.08,"y":-0.64,"scaleX":0.786},{"name":"Back_0013_Layer-18","parent":"Back_0005_Layer-12","length":17.82,"rotation":9.87,"x":21.08,"y":-1.05,"transform":"onlyTranslation"},{"name":"Back_0003_Layer-16-copy","parent":"Back_0004_Layer-12-copy","length":80.44,"rotation":7.8,"x":19.82,"y":0.11,"transform":"noScale"},{"name":"Side_0008_Layer-8","parent":"Side_0008_Layer-6","length":34.37,"rotation":-2.21,"x":38.82,"y":-13.94},{"name":"Back_0003_Layer-16-copy2","parent":"Back_0003_Layer-16-copy","rotation":-8.92,"x":83.32,"y":6.33,"transform":"onlyTranslation"}],"slots":[{"name":"drop shadow","bone":"bone2","attachment":"drop shadow"},{"name":"FrontM_0007_Layer-35","bone":"Back_0003_Layer-16-copy","attachment":"FrontM_0007_Layer-35"},{"name":"FrontM_0010_Layer-24","bone":"Back_0004_Layer-12-copy","attachment":"FrontM_0010_Layer-24"},{"name":"Gun Glow","bone":"Back_0003_Layer-16-copy2","blend":"additive"},{"name":"Variant_0004_Layer-47","bone":"Side_0002_Layer-4","attachment":"Variant_0004_Layer-47"},{"name":"Variant_0010_Layer-18-copy-4","bone":"Side_0015_Layer-8","attachment":"Variant_0010_Layer-18-copy-4"},{"name":"Variant_0010_Layer-18-copy-5","bone":"Side_0013_Layer-8-copy","attachment":"Variant_0010_Layer-18-copy-4"},{"name":"thigh","bone":"Side_0016_Layer-7","attachment":"thigh"},{"name":"handR2","bone":"Back_0013_Layer-18","attachment":"handR"},{"name":"thigh2","bone":"Side_0014_Layer-7-copy","attachment":"thigh"},{"name":"Variant_0000_Layer-41","bone":"Side_0008_Layer-6","attachment":"Variant_0000_Layer-41"},{"name":"FrontM_0008_Layer-24-copy","bone":"Back_0005_Layer-12","attachment":"FrontM_0008_Layer-24-copy"},{"name":"FrontM_0009_Layer-23-copy","bone":"Back_0008_Layer-11","attachment":"FrontM_0009_Layer-23-copy"},{"name":"FrontM_0011_Layer-23","bone":"Back_0007_Layer-11-copy","attachment":"FrontM_0011_Layer-23"},{"name":"Variant_0008_Layer-22-copy-5","bone":"Side_0004_Layer-10","attachment":"Variant_0008_Layer-22-copy-5"},{"name":"Variant_0009_Layer-22-copy-4","bone":"Side_0003_Layer-10-copy","attachment":"Variant_0009_Layer-22-copy-4"},{"name":"tank back","bone":"Side_0008_Layer-8","attachment":"tank back"},{"name":"tank back2","bone":"Side_0008_Layer-8","attachment":"tank back"},{"name":"handR","bone":"Back_0013_Layer-18"}],"skins":{"default":{"FrontM_0007_Layer-35":{"FrontM_0007_Layer-35":{"x":43.06,"y":5.57,"scaleX":-0.999,"rotation":17.62,"width":102,"height":42}},"FrontM_0008_Layer-24-copy":{"FrontM_0008_Layer-24-copy":{"x":13.02,"y":0.23,"rotation":74.53,"width":21,"height":40}},"FrontM_0009_Layer-23-copy":{"FrontM_0009_Layer-23-copy":{"x":9.08,"y":0.17,"rotation":83.54,"width":16,"height":32}},"FrontM_0010_Layer-24":{"FrontM_0010_Layer-24":{"x":10.37,"y":1.03,"scaleY":0.863,"rotation":105.5,"width":21,"height":40}},"FrontM_0011_Layer-23":{"FrontM_0011_Layer-23":{"x":8.1,"y":0.4,"rotation":99.44,"width":16,"height":32}},"Gun Glow":{"Gun Glow":{"x":0.75,"y":-0.22,"scaleX":0.256,"scaleY":0.256,"rotation":9.77,"width":457,"height":457}},"Variant_0000_Layer-41":{"Variant_0000_Layer-41":{"x":19.17,"y":-1.09,"rotation":-90,"width":58,"height":76}},"Variant_0004_Layer-47":{"Variant_0004_Layer-47":{"x":21.74,"y":0.12,"scaleX":0.936,"scaleY":0.936,"rotation":-90.16,"width":38,"height":49}},"Variant_0008_Layer-22-copy-5":{"Variant_0008_Layer-22-copy-5":{"x":0.63,"y":0.36,"rotation":-23.4,"width":19,"height":22}},"Variant_0009_Layer-22-copy-4":{"Variant_0009_Layer-22-copy-4":{"x":0.08,"y":-0.71,"rotation":-151.97,"width":19,"height":22}},"Variant_0010_Layer-18-copy-4":{"Variant_0010_Layer-18-copy-4":{"type":"mesh","uvs":[0.11972,0.97728,0.11671,0.88374,0.11398,0.79919,0.11137,0.71786,0.16148,0.65505,0.01948,0.48302,0,0.20721,0.0696,0.02698,0.28678,0,0.69607,0.01605,0.95501,0.12255,1,0.2864,0.89654,0.48575,0.79631,0.60863,0.93831,0.66598,0.94666,0.79978,0.94666,0.88444,0.9216,0.96636,0.72948,1,0.31184,1,0.3441,0.79633,0.74419,0.78619,0.34053,0.9166,0.73257,0.90929,0.36408,0.67314,0.59632,0.65676,0.41893,0.48668],"triangles":[17,23,16,19,22,18,18,22,23,23,22,20,22,19,1,19,0,1,22,1,20,1,2,20,18,23,17,23,21,16,25,23,20,25,20,24,23,25,21,21,15,16,21,14,15,2,4,20,2,3,4,20,4,24,21,13,14,21,25,13,24,26,25,24,4,26,25,26,13,4,5,26,8,6,7,26,6,8,13,26,12,26,9,12,26,8,9,11,9,10,11,12,9,26,5,6],"vertices":[1,14,7.48,-4.54,1,1,14,2.74,-5.61,1,2,8,33.09,-6.28,0.35215,14,-1.55,-6.57,0.64785,2,8,28.86,-6.17,0.81441,14,-5.68,-7.5,0.18559,2,8,25.63,-5.2,0.97351,14,-9.05,-7.35,0.02649,1,8,16.6,-7.3,1,1,8,2.25,-7.12,1,1,8,-7.07,-5.6,1,1,8,-8.34,-1.86,1,1,8,-7.26,5.06,1,1,8,-1.57,9.27,1,1,8,6.98,9.73,1,1,8,17.27,7.6,1,2,8,23.6,5.67,0.9453,14,-13.67,2.7,0.0547,2,8,26.66,7.97,0.86655,14,-11.26,5.69,0.13345,2,8,33.62,7.87,0.5834,14,-4.48,7.28,0.4166,2,8,38.02,7.71,0.35979,14,-0.18,8.2,0.64021,2,8,42.26,7.13,0.01463,14,4.08,8.67,0.98537,1,14,6.47,5.84,1,1,14,7.96,-1.1,1,2,8,33.08,-2.36,0.47313,14,-2.52,-2.78,0.52687,2,8,32.79,4.45,0.65165,14,-4.45,3.76,0.34835,1,14,3.61,-1.53,1,2,8,39.18,4.03,0.26638,14,1.85,4.91,0.73362,2,8,26.69,-1.8,0.9304,14,-8.85,-3.78,0.0696,2,8,25.98,2.18,0.91533,14,-10.51,-0.1,0.08467,1,8,17.03,-0.52,1],"hull":20,"edges":[6,8,8,10,10,12,12,14,14,16,16,18,18,20,20,22,22,24,24,26,26,28,28,30,30,32,32,34,34,36,36,38,0,38,0,2,2,4,4,6],"width":17,"height":52}},"Variant_0010_Layer-18-copy-5":{"Variant_0010_Layer-18-copy-4":{"type":"mesh","uvs":[0.14807,0.96882,0.10828,0.86259,0.11663,0.76701,0.1751,0.65778,0,0.42567,0,0.10344,0.19181,0,0.55099,0,1,0.13894,1,0.39017,0.80157,0.61682,0.92687,0.68236,0.93522,0.76701,0.95086,0.8707,0.97657,0.96051,0.66786,0.99883,0.36483,0.99935,0.36039,0.89724,0.71129,0.89588,0.37261,0.7796,0.65613,0.77356,0.48381,0.64987,0.44714,0.46722],"triangles":[15,17,20,0,17,16,17,15,16,14,18,13,14,15,18,15,20,18,0,1,17,1,2,17,17,2,19,18,12,13,20,17,19,19,21,20,11,12,10,10,12,20,20,12,18,2,3,19,19,3,21,20,21,10,3,22,21,3,4,22,21,22,10,10,22,9,4,6,22,22,7,9,22,6,7,4,5,6,7,8,9],"vertices":[1,13,4.49,-8.32,1,1,13,-0.78,-6.54,1,2,11,31.76,-6.57,0.47768,13,-5.21,-4.27,0.52232,2,11,26.11,-5.43,0.92497,13,-9.9,-0.92,0.07503,1,11,13.96,-8.08,1,1,11,-2.79,-7.62,1,1,11,-8.08,-4.22,1,1,11,-7.91,1.89,1,1,11,-0.48,9.32,1,1,11,12.58,8.97,1,2,11,24.27,5.28,0.94108,13,-7.22,9.61,0.05892,2,11,27.73,7.31,0.90958,13,-3.23,10.06,0.09042,2,11,32.14,7.34,0.72713,13,0.8,8.28,0.27287,2,11,37.53,7.46,0.14406,13,5.78,6.19,0.85594,1,13,10.18,4.57,1,1,13,9.71,-1.02,1,1,13,7.51,-5.68,1,1,13,2.69,-3.46,1,1,13,5.2,1.96,1,2,11,32.53,-2.24,0.54145,13,-2.74,-0.63,0.45855,2,11,32.35,2.58,0.77984,13,-0.94,3.86,0.22016,2,11,25.84,-0.17,0.92304,13,-8.01,3.99,0.07696,1,11,16.33,-0.54,1],"hull":17,"edges":[0,2,2,4,4,6,6,8,8,10,10,12,12,14,14,16,16,18,18,20,20,22,22,24,24,26,26,28,28,30,30,32,0,32],"width":17,"height":52}},"handR2":{"handR":{"x":5.52,"y":0.39,"scaleX":-1,"rotation":-26.31,"width":21,"height":16}},"tank back":{"tank back":{"x":13.42,"y":28.14,"rotation":-88.6,"width":23,"height":55}},"tank back2":{"tank back":{"x":14.1,"y":-0.48,"rotation":-88.6,"width":23,"height":55}},"thigh":{"thigh":{"x":11.42,"y":1.34,"rotation":105.02,"width":28,"height":40}},"thigh2":{"thigh":{"x":12.08,"y":0.64,"rotation":101.09,"width":28,"height":40}}}},"animations":{"full cycle":{"bones":{"Side_0016_Layer-7":{"rotate":[{"time":0,"angle":11.63},{"time":0.5,"angle":3.94},{"time":0.9,"angle":11.63,"curve":"stepped"},{"time":1,"angle":11.63},{"time":1.5,"angle":3.94},{"time":1.9,"angle":11.63}],"scale":[{"time":0,"x":1.09,"y":1},{"time":0.5,"x":0.664,"y":1},{"time":0.7,"x":0.807,"y":1},{"time":0.9,"x":0.974,"y":1},{"time":1,"x":1.09,"y":1},{"time":1.5,"x":0.664,"y":1},{"time":1.7,"x":0.807,"y":1},{"time":1.9,"x":0.974,"y":1},{"time":2,"x":1.09,"y":1}]},"Side_0015_Layer-8":{"rotate":[{"time":0,"angle":-8.37},{"time":0.5,"angle":-4.18},{"time":0.7,"angle":-1.3},{"time":0.9,"angle":-8.37,"curve":"stepped"},{"time":1,"angle":-8.37},{"time":1.5,"angle":-4.18},{"time":1.7,"angle":-1.3},{"time":1.9,"angle":-8.37}],"scale":[{"time":0,"x":0.93,"y":1},{"time":0.5,"x":0.771,"y":1},{"time":0.7,"x":0.629,"y":1},{"time":0.9,"x":0.831,"y":1},{"time":1,"x":0.93,"y":1},{"time":1.5,"x":0.771,"y":1},{"time":1.7,"x":0.629,"y":1},{"time":1.9,"x":0.831,"y":1},{"time":2,"x":0.93,"y":1}]},"Side_0011_Layer-9-copy":{"translate":[{"time":0,"x":-0.13,"y":1.31}]},"Side_0014_Layer-7-copy":{"rotate":[{"time":0,"angle":-2.97},{"time":0.5,"angle":-9.6},{"time":1,"angle":-2.97},{"time":1.5,"angle":-9.6},{"time":2,"angle":-2.97}],"scale":[{"time":0,"x":0.598,"y":1},{"time":0.2,"x":0.852,"y":1},{"time":0.4,"x":0.931,"y":0.927},{"time":0.5,"x":1.087,"y":0.927},{"time":1,"x":0.598,"y":1},{"time":1.2,"x":0.852,"y":1},{"time":1.4,"x":0.931,"y":0.927},{"time":1.5,"x":1.087,"y":0.927},{"time":2,"x":0.598,"y":1}]},"Side_0013_Layer-8-copy":{"rotate":[{"time":0,"angle":6.13},{"time":0.2,"angle":2.38},{"time":0.4,"angle":7.59,"curve":"stepped"},{"time":0.5,"angle":7.59},{"time":1,"angle":6.13},{"time":1.2,"angle":2.38},{"time":1.4,"angle":7.59,"curve":"stepped"},{"time":1.5,"angle":7.59},{"time":2,"angle":6.13}],"scale":[{"time":0,"x":0.844,"y":1},{"time":0.2,"x":0.585,"y":1},{"time":0.4,"x":0.902,"y":1},{"time":0.5,"x":0.951,"y":1},{"time":1,"x":0.844,"y":1},{"time":1.2,"x":0.585,"y":1},{"time":1.4,"x":0.902,"y":1},{"time":1.5,"x":0.951,"y":1},{"time":2,"x":0.844,"y":1}]},"Side_0013_Layer-8-copy2":{"rotate":[{"time":0,"angle":-16.58},{"time":0.5,"angle":-21.91},{"time":1,"angle":-16.58},{"time":1.5,"angle":-21.91},{"time":2,"angle":-16.58}],"scale":[{"time":0,"x":0.863,"y":1},{"time":0.2667,"x":1.208,"y":1},{"time":0.4,"x":0.58,"y":1.144},{"time":0.5,"x":1.118,"y":1},{"time":1,"x":0.863,"y":1},{"time":1.2667,"x":1.208,"y":1},{"time":1.4,"x":0.58,"y":1.144},{"time":1.5,"x":1.118,"y":1},{"time":2,"x":0.863,"y":1}]},"Side_0015_Layer-9":{"rotate":[{"time":0,"angle":18.17},{"time":0.5,"angle":15.43},{"time":0.7,"angle":13.54},{"time":0.9,"angle":18.17,"curve":"stepped"},{"time":1,"angle":18.17},{"time":1.5,"angle":15.43},{"time":1.7,"angle":13.54},{"time":1.9,"angle":18.17}],"scale":[{"time":0,"x":1.192,"y":1},{"time":0.5,"x":1,"y":1},{"time":0.7,"x":1.224,"y":1},{"time":0.9,"x":0.57,"y":1},{"time":1,"x":1.192,"y":1},{"time":1.5,"x":1,"y":1},{"time":1.7,"x":1.224,"y":1},{"time":1.9,"x":0.57,"y":1},{"time":2,"x":1.192,"y":1}]},"bone":{"translate":[{"time":0,"x":0,"y":0},{"time":0.2333,"x":0,"y":2.36},{"time":0.5,"x":0,"y":-3.78},{"time":0.7333,"x":0,"y":2.36},{"time":1,"x":0,"y":0},{"time":1.2333,"x":0,"y":2.36},{"time":1.5,"x":0,"y":-3.78},{"time":1.7333,"x":0,"y":2.36},{"time":2,"x":0,"y":0}]},"Side_0008_Layer-7":{"rotate":[{"time":0,"angle":-2.62},{"time":0.0667,"angle":-3.62},{"time":0.5667,"angle":3.86},{"time":1,"angle":-2.62},{"time":1.0667,"angle":-3.62},{"time":1.5667,"angle":3.86},{"time":2,"angle":-2.62}]},"bone2":{"scale":[{"time":0,"x":1,"y":1.105},{"time":0.2667,"x":0.886,"y":0.979},{"time":0.5,"x":1,"y":1.105},{"time":0.7667,"x":0.886,"y":0.979},{"time":1,"x":1,"y":1.105},{"time":1.2667,"x":0.886,"y":0.979},{"time":1.5,"x":1,"y":1.105},{"time":1.7667,"x":0.886,"y":0.979},{"time":2,"x":1,"y":1.105}]},"Side_0003_Layer-10-copy":{"translate":[{"time":0,"x":2.38,"y":0.19},{"time":0.0667,"x":2.94,"y":0.14},{"time":0.5667,"x":-1.25,"y":0.49},{"time":1,"x":2.38,"y":0.19},{"time":1.0667,"x":2.94,"y":0.14},{"time":1.5667,"x":-1.25,"y":0.49},{"time":2,"x":2.38,"y":0.19}]},"Side_0004_Layer-10":{"translate":[{"time":0,"x":-0.51,"y":-0.07},{"time":0.0667,"x":-0.84,"y":-0.04},{"time":0.5667,"x":1.68,"y":-0.25},{"time":1,"x":-0.51,"y":-0.07},{"time":1.0667,"x":-0.84,"y":-0.04},{"time":1.5667,"x":1.68,"y":-0.25},{"time":2,"x":-0.51,"y":-0.07}]},"Side_0002_Layer-4":{"translate":[{"time":0,"x":-1.85,"y":0.03},{"time":0.0333,"x":-2.36,"y":0.03},{"time":0.1,"x":-3.37,"y":0.05},{"time":0.3333,"x":0.67,"y":-0.01},{"time":0.6,"x":-3.37,"y":0.05},{"time":0.8333,"x":0.67,"y":-0.01},{"time":1,"x":-1.85,"y":0.03},{"time":1.0333,"x":-2.36,"y":0.03},{"time":1.1,"x":-3.37,"y":0.05},{"time":1.3333,"x":0.67,"y":-0.01},{"time":1.6,"x":-3.37,"y":0.05},{"time":1.8333,"x":0.67,"y":-0.01},{"time":2,"x":-1.85,"y":0.03}]},"Side_0008_Layer-6":{"translate":[{"time":0,"x":0,"y":-2.45},{"time":0.0667,"x":0,"y":-3.48},{"time":0.3,"x":0,"y":0.63},{"time":0.5667,"x":0,"y":-3.48},{"time":0.8,"x":0,"y":0.63},{"time":1,"x":0,"y":-2.45},{"time":1.0667,"x":0,"y":-3.48},{"time":1.3,"x":0,"y":0.63},{"time":1.5667,"x":0,"y":-3.48},{"time":1.8,"x":0,"y":0.63},{"time":2,"x":0,"y":-2.45}]}}},"shoot":{"slots":{"FrontM_0008_Layer-24-copy":{"attachment":[{"time":0,"name":null}]},"Gun Glow":{"color":[{"time":0.6,"color":"ffffffff"},{"time":1,"color":"ffffff00"}],"attachment":[{"time":0,"name":"Gun Glow"}]}},"bones":{"Side_0014_Layer-7-copy":{"rotate":[{"time":0,"angle":3.87}],"scale":[{"time":0,"x":0.957,"y":1}]},"Side_0013_Layer-8-copy":{"rotate":[{"time":0,"angle":3.87},{"time":0.2333,"angle":7.13},{"time":1,"angle":3.87}],"scale":[{"time":0,"x":0.957,"y":1},{"time":0.2333,"x":0.837,"y":1},{"time":1,"x":0.957,"y":1}]},"Side_0013_Layer-8-copy2":{"rotate":[{"time":0,"angle":-9.2},{"time":0.2333,"angle":-16.08},{"time":1,"angle":-9.2}]},"Side_0015_Layer-8":{"rotate":[{"time":0,"angle":-5.41}],"scale":[{"time":0,"x":1.056,"y":1},{"time":0.2333,"x":0.948,"y":1},{"time":1,"x":1.056,"y":1}]},"Side_0016_Layer-7":{"rotate":[{"time":0,"angle":4.01},{"time":0.2333,"angle":5.49},{"time":1,"angle":4.01}],"scale":[{"time":0,"x":1.056,"y":1}]},"Side_0008_Layer-7":{"rotate":[{"time":0,"angle":-5.16}]},"Side_0003_Layer-10-copy":{"rotate":[{"time":0,"angle":10.67}],"translate":[{"time":0,"x":1.1,"y":-0.32}]},"Side_0002_Layer-4":{"rotate":[{"time":0,"angle":0.96}],"translate":[{"time":0,"x":1.69,"y":0.27}]},"Side_0008_Layer-6":{"translate":[{"time":0,"x":0.76,"y":0.57}]},"bone":{"translate":[{"time":0,"x":1.13,"y":1.13},{"time":0.2333,"x":-0.52,"y":-3.27},{"time":1,"x":1.13,"y":1.13}]},"gunfront2":{"rotate":[{"time":0,"angle":8.77}],"translate":[{"time":0,"x":86.78,"y":141.97}],"scale":[{"time":0,"x":0.435,"y":0.588}]},"Back_0003_Layer-16-copy":{"rotate":[{"time":0,"angle":68.57}],"translate":[{"time":0,"x":29.71,"y":8},{"time":0.2333,"x":27.32,"y":0.55},{"time":1,"x":29.71,"y":8}],"scale":[{"time":0,"x":0.791,"y":1}]},"Back_0005_Layer-12":{"rotate":[{"time":0,"angle":-163.73}]},"Back_0013_Layer-18":{"rotate":[{"time":0,"angle":157.84}]},"Back_0008_Layer-11":{"rotate":[{"time":0,"angle":-5.1}],"scale":[{"time":0,"x":0.734,"y":1}]},"Back_0007_Layer-11-copy":{"rotate":[{"time":0,"angle":13.19}],"translate":[{"time":0,"x":3.13,"y":-2.69}]},"Back_0003_Layer-16-copy2":{"scale":[{"time":0,"x":1,"y":1,"curve":[0.25,0,0.475,1]},{"time":0.2333,"x":1.852,"y":1.852,"curve":[0.543,0,0.75,1]},{"time":1,"x":0.87,"y":0.87}]}}},"throw":{"slots":{"handR2":{"attachment":[{"time":0.2667,"name":null}]}},"bones":{"Back_0007_Layer-11-copy":{"rotate":[{"time":0,"angle":-8.13},{"time":0.1667,"angle":-45.1},{"time":0.2667,"angle":0}]},"Back_0004_Layer-12-copy":{"rotate":[{"time":0,"angle":-11.42},{"time":0.2667,"angle":0}]},"Side_0008_Layer-6":{"rotate":[{"time":0,"angle":-9.77},{"time":0.1667,"angle":13.95},{"time":0.2667,"angle":0}],"shear":[{"time":0,"x":-7.77,"y":0},{"time":0.1667,"x":7.77,"y":0},{"time":0.2667,"x":0,"y":0}]},"Side_0008_Layer-7":{"rotate":[{"time":0,"angle":-14.52},{"time":0.1667,"angle":22.78},{"time":0.2667,"angle":0}]},"Back_0008_Layer-11":{"rotate":[{"time":0,"angle":19.08},{"time":0.1667,"angle":160.17},{"time":0.2667,"angle":0}],"scale":[{"time":0,"x":1.34,"y":1},{"time":0.0667,"x":0.645,"y":1,"curve":[0.135,0.15,0.221,1]},{"time":0.1667,"x":1.34,"y":1},{"time":0.2667,"x":1,"y":1}]},"Back_0005_Layer-12":{"rotate":[{"time":0,"angle":-36.68},{"time":0.1667,"angle":1.81},{"time":0.2667,"angle":0}],"scale":[{"time":0,"x":1.34,"y":1},{"time":0.0667,"x":0.645,"y":1,"curve":[0.135,0.15,0.221,1]},{"time":0.1667,"x":1.34,"y":1},{"time":0.2667,"x":1,"y":1}]},"Back_0013_Layer-18":{"rotate":[{"time":0,"angle":-53.35},{"time":0.1667,"angle":114.43},{"time":0.2667,"angle":0}],"translate":[{"time":0,"x":1.34,"y":0.93},{"time":0.1667,"x":5.94,"y":2.47},{"time":0.2667,"x":0,"y":0}],"scale":[{"time":0,"x":1,"y":1},{"time":0.1667,"x":1.162,"y":1.162},{"time":0.2667,"x":1,"y":1}]}}},"walk":{"bones":{"Side_0016_Layer-7":{"rotate":[{"time":0,"angle":11.63,"curve":"stepped"},{"time":0.1,"angle":11.63},{"time":0.5,"angle":3.94},{"time":1,"angle":11.63}],"scale":[{"time":0,"x":1.09,"y":1},{"time":0.1,"x":0.974,"y":1},{"time":0.3,"x":0.807,"y":1},{"time":0.5,"x":0.664,"y":1},{"time":1,"x":1.09,"y":1}]},"Side_0015_Layer-8":{"rotate":[{"time":0,"angle":-8.37,"curve":"stepped"},{"time":0.1,"angle":-8.37},{"time":0.3,"angle":-1.3},{"time":0.5,"angle":-4.18},{"time":1,"angle":-8.37}],"scale":[{"time":0,"x":0.93,"y":1},{"time":0.1,"x":0.831,"y":1},{"time":0.3,"x":0.629,"y":1},{"time":0.5,"x":0.771,"y":1},{"time":1,"x":0.93,"y":1}]},"Side_0011_Layer-9-copy":{"translate":[{"time":1,"x":-0.13,"y":1.31}]},"Side_0014_Layer-7-copy":{"rotate":[{"time":0,"angle":-2.97},{"time":0.5,"angle":-9.6},{"time":1,"angle":-2.97}],"scale":[{"time":0,"x":0.598,"y":1},{"time":0.5,"x":1.087,"y":0.927},{"time":0.6,"x":0.931,"y":0.927},{"time":0.8,"x":0.852,"y":1},{"time":1,"x":0.598,"y":1}]},"Side_0013_Layer-8-copy":{"rotate":[{"time":0,"angle":6.13},{"time":0.5,"angle":7.59,"curve":"stepped"},{"time":0.6,"angle":7.59},{"time":0.8,"angle":2.38},{"time":1,"angle":6.13}],"scale":[{"time":0,"x":0.844,"y":1},{"time":0.5,"x":0.951,"y":1},{"time":0.6,"x":0.902,"y":1},{"time":0.8,"x":0.585,"y":1},{"time":1,"x":0.844,"y":1}]},"Side_0013_Layer-8-copy2":{"rotate":[{"time":0,"angle":-2.01},{"time":0.5,"angle":-1.96},{"time":0.6667,"angle":-26.27},{"time":1,"angle":-2.01}],"scale":[{"time":0,"x":0.956,"y":1},{"time":0.5,"x":0.974,"y":1},{"time":0.6,"x":0.58,"y":1.144},{"time":0.7333,"x":1.208,"y":1},{"time":1,"x":0.863,"y":1}]},"Side_0015_Layer-9":{"rotate":[{"time":0,"angle":-0.99},{"time":0.1,"angle":18.17},{"time":0.3,"angle":13.54},{"time":0.5,"angle":-0.99}],"translate":[{"time":0,"x":-0.52,"y":-0.44}],"scale":[{"time":0,"x":1.192,"y":1},{"time":0.1,"x":0.57,"y":1},{"time":0.3,"x":1.224,"y":1},{"time":0.5,"x":1,"y":1},{"time":1,"x":1.192,"y":1}]},"bone":{"translate":[{"time":0,"x":0,"y":0},{"time":0.2333,"x":0,"y":2.36},{"time":0.5,"x":0,"y":-3.78},{"time":0.7333,"x":0,"y":2.36},{"time":1,"x":0,"y":0}]},"Side_0008_Layer-7":{"rotate":[{"time":0,"angle":-2.62},{"time":0.0667,"angle":-3.62},{"time":0.5667,"angle":3.86},{"time":1,"angle":-2.62}]},"Side_0003_Layer-10-copy":{"translate":[{"time":0,"x":2.38,"y":0.19},{"time":0.0667,"x":2.94,"y":0.14},{"time":0.5667,"x":-1.25,"y":0.49},{"time":1,"x":2.38,"y":0.19}]},"Side_0004_Layer-10":{"translate":[{"time":0,"x":-0.51,"y":-0.07},{"time":0.0667,"x":-0.84,"y":-0.04},{"time":0.5667,"x":1.68,"y":-0.25},{"time":1,"x":-0.51,"y":-0.07}]},"Side_0002_Layer-4":{"translate":[{"time":0,"x":-1.85,"y":0.03},{"time":0.0333,"x":-2.36,"y":0.03},{"time":0.1,"x":-3.37,"y":0.05},{"time":0.3333,"x":0.67,"y":-0.01},{"time":0.6,"x":-3.37,"y":0.05},{"time":0.8333,"x":0.67,"y":-0.01},{"time":1,"x":-1.85,"y":0.03}]},"Side_0008_Layer-6":{"translate":[{"time":0,"x":0,"y":-2.45},{"time":0.0667,"x":0,"y":-3.48},{"time":0.3,"x":0,"y":0.63},{"time":0.5667,"x":0,"y":-3.48},{"time":0.8,"x":0,"y":0.63},{"time":1,"x":0,"y":-2.45}]},"Back_0003_Layer-16-copy":{"rotate":[{"time":0,"angle":9.9,"curve":[0.366,0.63,0.703,1]},{"time":0.0667,"angle":11.4,"curve":[0.25,0,0.75,1]},{"time":0.5667,"angle":-5.05,"curve":[0.244,0,0.7,0.79]},{"time":1,"angle":9.9}]},"Back_0008_Layer-11":{"rotate":[{"time":0,"angle":-0.78,"curve":[0.366,0.63,0.703,1]},{"time":0.0667,"angle":7.05},{"time":0.2,"angle":-4.1},{"time":0.3333,"angle":-6.53},{"time":0.4333,"angle":-1.23},{"time":0.5667,"angle":11.5,"curve":[0.244,0,0.7,0.79]},{"time":1,"angle":-0.78}]},"Back_0005_Layer-12":{"rotate":[{"time":0,"angle":68.4,"curve":[0.366,0.63,0.703,1]},{"time":0.0667,"angle":75.13},{"time":0.2,"angle":62.31},{"time":0.3333,"angle":30.37},{"time":0.4333,"angle":-1.27},{"time":0.5667,"angle":-40.66,"curve":[0.244,0,0.7,0.79]},{"time":1,"angle":68.4}],"translate":[{"time":0,"x":0.47,"y":-0.5,"curve":[0.366,0.63,0.703,1]},{"time":0.0667,"x":0.33,"y":-0.55},{"time":0.5667,"x":2.3,"y":0.18,"curve":[0.244,0,0.7,0.79]},{"time":1,"x":0.47,"y":-0.5}],"scale":[{"time":0,"x":1.009,"y":1,"curve":[0.366,0.63,0.703,1]},{"time":0.0667,"x":1,"y":1},{"time":0.5667,"x":1.124,"y":1,"curve":[0.244,0,0.7,0.79]},{"time":1,"x":1.009,"y":1}]},"Back_0013_Layer-18":{"rotate":[{"time":0,"angle":31.45,"curve":[0.366,0.63,0.703,1]},{"time":0.0667,"angle":35.07},{"time":0.5667,"angle":-17.02,"curve":[0.244,0,0.7,0.79]},{"time":1,"angle":31.45}],"translate":[{"time":0,"x":0.18,"y":0.03,"curve":[0.366,0.63,0.703,1]},{"time":0.0667,"x":0,"y":0},{"time":0.5667,"x":2.53,"y":0.4,"curve":[0.244,0,0.7,0.79]},{"time":1,"x":0.18,"y":0.03}]}}}}}