{
    "skeleton": {
        "hash": "HoHaUjVRz7clQL2Vhfxlzhn4FBo",
        "spine": "3.7.94",
        "width": 122.55,
        "height": 191.18,
        "images": "./Marine Side/",
        "audio": "D:/Daily Doodle/Commissions/2D isometric sprites/Quarter Back/../marine quarter"
    },
    "bones": [
        {
            "name": "root",
            "x": 0
        },
        {
            "name": "bone",
            "parent": "root",
            "x": 1.69,
            "y": 81.52
        },
        {
            "name": "chest",
            "parent": "bone",
            "length": 36.28,
            "rotation": 91.47,
            "x": -0.31,
            "y": 2.48
        },
        {
            "name": "chest2",
            "parent": "chest",
            "x": 39.98,
            "y": -0.72
        },
        {
            "name": "chest4",
            "parent": "chest2",
            "x": -19.11,
            "y": -6.04
        },
        {
            "name": "Side_0010_Layer-11",
            "parent": "chest4",
            "length": 24.44,
            "rotation": -100.57,
            "x": -6.33,
            "y": -13.22,
            "transform": "onlyTranslation"
        },
        {
            "name": "quarter_0002_Layer-1---3",
            "parent": "chest4",
            "length": 29.53,
            "rotation": 17.81,
            "x": 9.05,
            "y": -6.17,
            "transform": "noRotationOrReflection"
        },
        {
            "name": "Side_0007_Layer-12",
            "parent": "Side_0010_Layer-11",
            "length": 20.31,
            "rotation": -153.43,
            "x": 23.77,
            "y": -0.17,
            "transform": "onlyTranslation"
        },
        {
            "name": "quarter_0004_Layer-1---5",
            "parent": "bone",
            "length": 30.1,
            "rotation": -92.36,
            "x": 12.96,
            "y": -1.55
        },
        {
            "name": "quarter_0006_Layer-1---7",
            "parent": "quarter_0004_Layer-1---5",
            "length": 35.27,
            "rotation": 15.05,
            "x": 30.71,
            "y": 0.03
        },
        {
            "name": "quarter_0006_Layer-1---8",
            "parent": "quarter_0006_Layer-1---7",
            "length": 17.2,
            "rotation": -125.22,
            "x": 37.86,
            "y": -1.22,
            "transform": "onlyTranslation"
        },
        {
            "name": "leg",
            "parent": "bone",
            "length": 27.3,
            "rotation": -102.46,
            "x": 1.95,
            "y": -3.21
        },
        {
            "name": "quarter_0005_Layer-1---6",
            "parent": "leg",
            "length": 29.14,
            "rotation": 13.07,
            "x": 28.82,
            "y": 0.33
        },
        {
            "name": "quarter_0005_Layer-1---7",
            "parent": "quarter_0005_Layer-1---6",
            "length": 18.33,
            "rotation": -171.6,
            "x": 30.06,
            "y": -1.56,
            "transform": "onlyTranslation"
        },
        {
            "name": "chest5",
            "parent": "chest2",
            "x": 11.73,
            "y": -8.89
        },
        {
            "name": "Side_0009_Layer-11-copy",
            "parent": "chest5",
            "length": 22.02,
            "rotation": -134.39,
            "x": -4.04,
            "y": 3.42,
            "transform": "onlyTranslation"
        },
        {
            "name": "quarter_0001_Layer-1---2",
            "parent": "chest5",
            "length": 25.42,
            "rotation": 149.15,
            "x": 7.33,
            "y": 3.46,
            "transform": "noRotationOrReflection"
        },
        {
            "name": "Side_0006_Layer-12-copy",
            "parent": "Side_0009_Layer-11-copy",
            "length": 18.06,
            "rotation": -169.35,
            "x": 27.79,
            "y": 1.07,
            "transform": "onlyTranslation"
        },
        {
            "name": "hand",
            "parent": "Side_0006_Layer-12-copy",
            "length": 20.22,
            "rotation": -1.32,
            "x": 18.11,
            "y": 0.56
        },
        {
            "name": "Side_0001_Layer-17",
            "parent": "Side_0007_Layer-12",
            "length": 27.34,
            "rotation": -172.18,
            "x": 21.78,
            "y": -1.83,
            "transform": "onlyTranslation"
        },
        {
            "name": "chest3",
            "parent": "chest",
            "length": 47.97,
            "rotation": 100.8,
            "x": 50.83,
            "y": -2.38,
            "transform": "noRotationOrReflection"
        },
        {
            "name": "bone3",
            "parent": "root",
            "x": 20.75,
            "y": 14.93,
            "color": "ff3f00ff"
        },
        {
            "name": "bone4",
            "parent": "root",
            "x": -3.89,
            "y": 21.28,
            "color": "ff3f00ff"
        },
        {
            "name": "Side_0012_Layer-9",
            "parent": "quarter_0004_Layer-1---5",
            "rotation": -93.35,
            "x": 31.31,
            "y": -6.52,
            "scaleY": 0.588,
            "transform": "onlyTranslation"
        },
        {
            "name": "Side_0012_Layer-10",
            "parent": "leg",
            "rotation": -87.28,
            "x": 28.41,
            "y": -9.89,
            "scaleX": 0.879,
            "scaleY": 0.506,
            "transform": "onlyTranslation"
        },
        {
            "name": "Gun2",
            "parent": "root",
            "length": 38.28,
            "rotation": -171.27,
            "x": -37.52,
            "y": 112.79,
            "scaleX": 0.903
        },
        {
            "name": "Gun3",
            "parent": "root",
            "length": 69.87,
            "rotation": -158.73,
            "x": -38.75,
            "y": 75.08
        }
    ],
    "slots": [
        {
            "name": "drop shadow",
            "bone": "root",
            "attachment": "drop shadow"
        },
        {
            "name": "leg",
            "bone": "leg",
            "attachment": "leg"
        },
        {
            "name": "quarter_0005_Layer-1---6",
            "bone": "quarter_0005_Layer-1---6",
            "attachment": "quarter_0005_Layer-1---6"
        },
        {
            "name": "Side_0012_Layer-10",
            "bone": "Side_0012_Layer-10",
            "attachment": "Side_0012_Layer-9"
        },
        {
            "name": "quarter_0004_Layer-1---5",
            "bone": "quarter_0004_Layer-1---5",
            "attachment": "quarter_0004_Layer-1---5"
        },
        {
            "name": "quarter_0006_Layer-1---7",
            "bone": "quarter_0006_Layer-1---7",
            "attachment": "quarter_0006_Layer-1---7"
        },
        {
            "name": "Side_0009_Layer-11-copy",
            "bone": "Side_0009_Layer-11-copy",
            "attachment": "Side_0009_Layer-11-copy"
        },
        {
            "name": "Side_0006_Layer-12-copy",
            "bone": "Side_0006_Layer-12-copy",
            "attachment": "Side_0006_Layer-12-copy"
        },
        {
            "name": "front_0000_Layer-18",
            "bone": "hand",
            "attachment": "front_0000_Layer-18"
        },
        {
            "name": "quarter_0001_Layer-1---2",
            "bone": "quarter_0001_Layer-1---2",
            "attachment": "quarter_0001_Layer-1---2"
        },
        {
            "name": "chest",
            "bone": "chest",
            "attachment": "chest"
        },
        {
            "name": "quarter_0000_Layer-1---1",
            "bone": "chest3",
            "attachment": "quarter_0000_Layer-1---1"
        },
        {
            "name": "Side_0010_Layer-11",
            "bone": "Side_0010_Layer-11",
            "attachment": "Side_0010_Layer-11"
        },
        {
            "name": "Side_0007_Layer-12",
            "bone": "Side_0007_Layer-12",
            "attachment": "Side_0007_Layer-12"
        },
        {
            "name": "quarter_0002_Layer-1---3",
            "bone": "quarter_0002_Layer-1---3",
            "attachment": "quarter_0002_Layer-1---3"
        },
        {
            "name": "Side_0012_Layer-9",
            "bone": "Side_0012_Layer-9",
            "attachment": "Side_0012_Layer-9"
        },
        {
            "name": "Side_0001_Layer-18",
            "bone": "Side_0001_Layer-17",
            "attachment": "front_0001_Layer-17"
        },
        {
            "name": "Side_0001_Layer-17",
            "bone": "Side_0001_Layer-17",
            "attachment": "front_0001_Layer-17"
        },
        {
            "name": "front_0001_Layer-17",
            "bone": "Side_0001_Layer-17"
        },
        {
            "name": "Gun2",
            "bone": "Gun2"
        },
        {
            "name": "muzzle flash",
            "bone": "Gun3",
            "color": "ffffffb8",
            "blend": "additive"
        },
        {
            "name": "front_0001_Layer-18",
            "bone": "root"
        }
    ],
    "ik": [
        {
            "name": "footL",
            "order": 1,
            "bones": [
                "leg",
                "quarter_0005_Layer-1---6"
            ],
            "target": "bone4"
        },
        {
            "name": "footR",
            "order": 0,
            "bones": [
                "quarter_0004_Layer-1---5",
                "quarter_0006_Layer-1---7"
            ],
            "target": "bone3"
        }
    ],
    "skins": {
        "default": {
            "Gun2": {
                "Gun2": {
                    "path": "gunB",
                    "x": 16.49,
                    "y": 0.82,
                    "rotation": 152.88,
                    "width": 134,
                    "height": 65
                },
                "Gun2B": {
                    "path": "gunC",
                    "x": 16.49,
                    "y": 0.82,
                    "rotation": 152.88,
                    "width": 134,
                    "height": 65
                }
            },
            "Side_0001_Layer-17": {
                "front_0001_Layer-17": {
                    "path": "gun",
                    "x": 5.24,
                    "y": -25.4,
                    "rotation": 159.5,
                    "width": 66,
                    "height": 108
                }
            },
            "Side_0001_Layer-18": {
                "front_0001_Layer-17": {
                    "x": 10.15,
                    "y": 2.55,
                    "rotation": 149.84,
                    "width": 32,
                    "height": 31
                }
            },
            "Side_0006_Layer-12-copy": {
                "Side_0006_Layer-12-copy": {
                    "x": 10.69,
                    "y": 0.63,
                    "scaleX": 0.904,
                    "scaleY": 0.873,
                    "rotation": 86.86,
                    "width": 25,
                    "height": 37
                }
            },
            "Side_0007_Layer-12": {
                "Side_0007_Layer-12": {
                    "x": 9.41,
                    "y": 3.59,
                    "rotation": 140.4,
                    "width": 33,
                    "height": 29
                }
            },
            "Side_0009_Layer-11-copy": {
                "Side_0009_Layer-11-copy": {
                    "x": 12.12,
                    "y": 0.35,
                    "scaleX": 0.841,
                    "scaleY": 0.841,
                    "rotation": 102.88,
                    "width": 29,
                    "height": 41
                }
            },
            "Side_0010_Layer-11": {
                "Side_0010_Layer-11": {
                    "x": 13.16,
                    "y": 0.24,
                    "rotation": 77.55,
                    "width": 29,
                    "height": 41
                }
            },
            "Side_0012_Layer-10": {
                "Side_0012_Layer-9": {
                    "x": 0.87,
                    "y": 1.24,
                    "rotation": 93.35,
                    "width": 19,
                    "height": 14
                }
            },
            "Side_0012_Layer-9": {
                "Side_0012_Layer-9": {
                    "x": 0.87,
                    "y": 1.24,
                    "rotation": 93.35,
                    "width": 19,
                    "height": 14
                }
            },
            "chest": {
                "chest": {
                    "path": "Torso",
                    "x": 17.85,
                    "y": -6.48,
                    "rotation": -91.47,
                    "width": 58,
                    "height": 83
                }
            },
            "front_0000_Layer-18": {
                "front_0000_Layer-18": {
                    "x": 4.6,
                    "y": 2.13,
                    "scaleX": 1.004,
                    "rotation": -136.28,
                    "width": 29,
                    "height": 19
                }
            },
            "leg": {
                "leg": {
                    "x": 11.02,
                    "y": 0.63,
                    "rotation": 102.46,
                    "width": 31,
                    "height": 44
                }
            },
            "muzzle flash": {
                "muzzle flash": {
                    "x": 66.69,
                    "y": 8.45,
                    "rotation": -48.91,
                    "width": 326,
                    "height": 356
                }
            },
            "quarter_0000_Layer-1---1": {
                "quarter_0000_Layer-1---1": {
                    "path": "head",
                    "x": 15.2,
                    "y": 1.36,
                    "rotation": -100.8,
                    "width": 45,
                    "height": 48
                }
            },
            "quarter_0001_Layer-1---2": {
                "quarter_0001_Layer-1---2": {
                    "path": "Shoulder 1",
                    "x": -1.35,
                    "y": 1.29,
                    "rotation": -149.99,
                    "width": 36,
                    "height": 36
                }
            },
            "quarter_0002_Layer-1---3": {
                "quarter_0002_Layer-1---3": {
                    "path": "Shoulder 2",
                    "x": 2.62,
                    "y": -2.7,
                    "rotation": -20.91,
                    "width": 37,
                    "height": 37
                }
            },
            "quarter_0004_Layer-1---5": {
                "quarter_0004_Layer-1---5": {
                    "path": "thigh1",
                    "x": 15.86,
                    "y": 3.11,
                    "scaleX": 0.956,
                    "rotation": 97.89,
                    "width": 31,
                    "height": 44
                }
            },
            "quarter_0005_Layer-1---6": {
                "quarter_0005_Layer-1---6": {
                    "type": "mesh",
                    "uvs": [
                        0.0194,
                        0.92545,
                        0.22878,
                        0.99291,
                        0.80298,
                        0.93976,
                        0.89815,
                        0.78643,
                        0.92036,
                        0.67603,
                        0.92036,
                        0.52678,
                        0.97746,
                        0.43683,
                        0.89815,
                        0.14856,
                        0.63802,
                        0.00136,
                        0.18437,
                        0.02181,
                        0.1114,
                        0.46954,
                        0.22878,
                        0.56154,
                        0.26685,
                        0.66172,
                        0.22243,
                        0.71487,
                        0.0194,
                        0.7946,
                        0.11808,
                        0.80596,
                        0.30963,
                        0.74407,
                        0.36406,
                        0.66154,
                        0.37898,
                        0.53456,
                        0.27165,
                        0.45421,
                        0.59754,
                        0.42527,
                        0.26593,
                        0.18027,
                        0.60774,
                        0.15317,
                        0.69341,
                        0.5266
                    ],
                    "triangles": [
                        16,
                        12,
                        17,
                        13,
                        12,
                        16,
                        15,
                        14,
                        13,
                        0,
                        14,
                        15,
                        16,
                        15,
                        13,
                        1,
                        15,
                        16,
                        0,
                        15,
                        1,
                        2,
                        1,
                        16,
                        2,
                        16,
                        17,
                        8,
                        21,
                        9,
                        22,
                        8,
                        7,
                        22,
                        21,
                        8,
                        20,
                        21,
                        22,
                        19,
                        21,
                        20,
                        10,
                        9,
                        21,
                        10,
                        21,
                        19,
                        7,
                        20,
                        22,
                        6,
                        20,
                        7,
                        6,
                        23,
                        20,
                        5,
                        23,
                        6,
                        18,
                        19,
                        20,
                        18,
                        20,
                        23,
                        11,
                        10,
                        19,
                        11,
                        19,
                        18,
                        18,
                        12,
                        11,
                        17,
                        12,
                        18,
                        23,
                        5,
                        4,
                        3,
                        23,
                        4,
                        2,
                        23,
                        3,
                        17,
                        18,
                        23,
                        17,
                        23,
                        2
                    ],
                    "vertices": [
                        1,
                        13,
                        14.68,
                        2.16,
                        1,
                        1,
                        13,
                        9.9,
                        6.98,
                        1,
                        2,
                        12,
                        37.56,
                        7.88,
                        0.39001,
                        13,
                        -6.63,
                        10.07,
                        0.60999,
                        2,
                        12,
                        30.69,
                        10.71,
                        0.8064,
                        13,
                        -11.47,
                        4.42,
                        0.1936,
                        2,
                        12,
                        25.73,
                        11.41,
                        0.91983,
                        13,
                        -13.67,
                        -0.08,
                        0.08017,
                        1,
                        12,
                        19.01,
                        11.48,
                        1,
                        1,
                        12,
                        14.98,
                        13.18,
                        1,
                        1,
                        12,
                        1.99,
                        11.02,
                        1,
                        1,
                        12,
                        -4.72,
                        3.54,
                        1,
                        1,
                        12,
                        -3.94,
                        -9.62,
                        1,
                        2,
                        12,
                        16.19,
                        -11.95,
                        0.99068,
                        13,
                        5.56,
                        -16.41,
                        0.00932,
                        2,
                        12,
                        20.36,
                        -8.59,
                        0.90784,
                        13,
                        3.67,
                        -11.4,
                        0.09216,
                        2,
                        12,
                        24.88,
                        -7.54,
                        0.52248,
                        13,
                        4.07,
                        -6.77,
                        0.47752,
                        2,
                        12,
                        27.26,
                        -8.85,
                        0.16064,
                        13,
                        6.06,
                        -4.92,
                        0.83936,
                        1,
                        13,
                        12.79,
                        -3.42,
                        1,
                        2,
                        12,
                        31.33,
                        -11.92,
                        0.00122,
                        13,
                        10.24,
                        -2.01,
                        0.99878,
                        2,
                        12,
                        28.6,
                        -6.33,
                        0.14436,
                        13,
                        4.08,
                        -2.87,
                        0.85564,
                        2,
                        12,
                        24.9,
                        -4.72,
                        0.63939,
                        13,
                        1.4,
                        -5.88,
                        0.36061,
                        2,
                        12,
                        19.2,
                        -4.22,
                        0.95901,
                        13,
                        -0.85,
                        -11.15,
                        0.04099,
                        2,
                        12,
                        15.55,
                        -7.3,
                        0.98941,
                        13,
                        0.94,
                        -15.57,
                        0.01059,
                        1,
                        12,
                        14.35,
                        2.17,
                        1,
                        1,
                        12,
                        3.22,
                        -7.33,
                        1,
                        1,
                        12,
                        2.1,
                        2.59,
                        1,
                        1,
                        12,
                        18.93,
                        4.9,
                        1
                    ],
                    "hull": 15,
                    "edges": [
                        0,
                        2,
                        2,
                        4,
                        4,
                        6,
                        6,
                        8,
                        8,
                        10,
                        10,
                        12,
                        12,
                        14,
                        14,
                        16,
                        16,
                        18,
                        18,
                        20,
                        20,
                        22,
                        22,
                        24,
                        24,
                        26,
                        26,
                        28,
                        0,
                        28,
                        22,
                        36,
                        36,
                        46,
                        46,
                        10
                    ],
                    "width": 29,
                    "height": 45
                }
            },
            "quarter_0006_Layer-1---7": {
                "quarter_0006_Layer-1---7": {
                    "type": "mesh",
                    "path": "boot1",
                    "uvs": [
                        0.70267,
                        0.96057,
                        0.4452,
                        0.99131,
                        0.14867,
                        0.99217,
                        0,
                        0.83714,
                        0.30926,
                        0.58206,
                        0.16345,
                        0.53099,
                        0.13223,
                        0.27789,
                        0.19762,
                        0.05494,
                        0.38086,
                        0.00676,
                        0.66293,
                        0.01542,
                        0.81607,
                        0.07786,
                        1,
                        0.23183,
                        1,
                        0.34718,
                        0.99871,
                        0.55159,
                        0.95081,
                        0.73302,
                        0.87457,
                        0.92508,
                        0.21845,
                        0.82082,
                        0.34491,
                        0.72203,
                        0.46269,
                        0.57468,
                        0.3714,
                        0.39845,
                        0.65455,
                        0.38929,
                        0.25688,
                        0.27353,
                        0.64779,
                        0.23283,
                        0.21638,
                        0.04366,
                        0.60344,
                        0.01273
                    ],
                    "triangles": [
                        16,
                        4,
                        17,
                        16,
                        3,
                        4,
                        14,
                        0,
                        18,
                        0,
                        17,
                        18,
                        14,
                        15,
                        0,
                        1,
                        17,
                        0,
                        16,
                        17,
                        1,
                        2,
                        3,
                        16,
                        2,
                        16,
                        1,
                        22,
                        8,
                        9,
                        22,
                        9,
                        10,
                        21,
                        7,
                        8,
                        21,
                        8,
                        22,
                        6,
                        7,
                        21,
                        22,
                        12,
                        20,
                        11,
                        22,
                        10,
                        12,
                        22,
                        11,
                        19,
                        21,
                        22,
                        20,
                        19,
                        22,
                        5,
                        6,
                        21,
                        5,
                        21,
                        19,
                        13,
                        20,
                        12,
                        18,
                        19,
                        20,
                        4,
                        5,
                        19,
                        18,
                        4,
                        19,
                        17,
                        4,
                        18,
                        14,
                        20,
                        13,
                        18,
                        20,
                        14
                    ],
                    "vertices": [
                        2,
                        9,
                        50.36,
                        -0.03,
                        0.00037,
                        10,
                        8.87,
                        8.57,
                        0.99963,
                        1,
                        10,
                        14.31,
                        2.37,
                        1,
                        1,
                        10,
                        19.16,
                        -5.56,
                        1,
                        2,
                        9,
                        37.59,
                        -22.05,
                        0.25788,
                        10,
                        15.24,
                        -13.13,
                        0.74212,
                        2,
                        9,
                        31.06,
                        -9.41,
                        0.74446,
                        10,
                        0.49,
                        -10.35,
                        0.25554,
                        2,
                        9,
                        27.98,
                        -13.53,
                        0.99563,
                        10,
                        0.47,
                        -14.05,
                        0.00437,
                        1,
                        9,
                        18.62,
                        -13.13,
                        1,
                        1,
                        9,
                        0.78,
                        -8.44,
                        1,
                        1,
                        9,
                        -1.37,
                        -1.43,
                        1,
                        1,
                        9,
                        -0.06,
                        8.75,
                        1,
                        1,
                        9,
                        6.38,
                        13.71,
                        1,
                        1,
                        9,
                        18.94,
                        16.37,
                        1,
                        1,
                        9,
                        24.3,
                        14.89,
                        1,
                        2,
                        9,
                        33.55,
                        12.29,
                        0.94122,
                        10,
                        -12.07,
                        7.15,
                        0.05878,
                        2,
                        9,
                        41.41,
                        9.2,
                        0.49877,
                        10,
                        -4.06,
                        10.22,
                        0.50123,
                        2,
                        9,
                        49.05,
                        4.38,
                        0.16892,
                        10,
                        4.87,
                        12.47,
                        0.83108,
                        2,
                        9,
                        39.67,
                        -14.04,
                        0.00133,
                        10,
                        11.69,
                        -7.45,
                        0.99867,
                        2,
                        9,
                        36.38,
                        -9.95,
                        0.42694,
                        10,
                        5.82,
                        -6.06,
                        0.57306,
                        2,
                        9,
                        31.34,
                        -4.78,
                        0.95248,
                        10,
                        -1.87,
                        -6.44,
                        0.04752,
                        2,
                        9,
                        23.21,
                        -5.94,
                        0.99866,
                        10,
                        -7.42,
                        -12.67,
                        0.00134,
                        1,
                        9,
                        24.27,
                        3.59,
                        1,
                        1,
                        9,
                        17.02,
                        -8.76,
                        1,
                        1,
                        9,
                        17.14,
                        4.99,
                        1,
                        1,
                        9,
                        6.59,
                        -8.59,
                        1,
                        1,
                        9,
                        7.01,
                        5.6,
                        1
                    ],
                    "hull": 16,
                    "edges": [
                        0,
                        2,
                        2,
                        4,
                        4,
                        6,
                        6,
                        8,
                        8,
                        10,
                        10,
                        12,
                        12,
                        14,
                        14,
                        16,
                        16,
                        18,
                        18,
                        20,
                        20,
                        22,
                        22,
                        24,
                        24,
                        26,
                        26,
                        28,
                        28,
                        30,
                        0,
                        30,
                        10,
                        38,
                        38,
                        40,
                        40,
                        24
                    ],
                    "width": 29,
                    "height": 45
                }
            }
        }
    },
    "animations": {
        "shoot": {
            "slots": {
                "Gun2": {
                    "attachment": [
                        {
                            "time": 0,
                            "name": "Gun2"
                        },
                        {
                            "time": 0.0667,
                            "name": "Gun2B"
                        },
                        {
                            "time": 0.1333,
                            "name": "Gun2"
                        }
                    ]
                },
                "Side_0001_Layer-17": {
                    "attachment": [
                        {
                            "time": 0,
                            "name": null
                        }
                    ]
                },
                "Side_0001_Layer-18": {
                    "attachment": [
                        {
                            "time": 0,
                            "name": null
                        }
                    ]
                },
                "muzzle flash": {
                    "attachment": [
                        {
                            "time": 0.0667,
                            "name": "muzzle flash"
                        },
                        {
                            "time": 0.1,
                            "name": null
                        }
                    ]
                }
            },
            "bones": {
                "Gun2": {
                    "rotate": [
                        {
                            "time": 0,
                            "angle": 1.06,
                            "curve": [
                                0.331,
                                0.5,
                                0.641,
                                1
                            ]
                        },
                        {
                            "time": 0.0333,
                            "angle": -1.13,
                            "curve": [
                                0.493,
                                0,
                                0.75,
                                1
                            ]
                        },
                        {
                            "time": 0.1,
                            "angle": -3.16,
                            "curve": [
                                0.394,
                                0,
                                0.707,
                                0.5
                            ]
                        },
                        {
                            "time": 0.1333,
                            "angle": 1.06
                        }
                    ],
                    "translate": [
                        {
                            "time": 0,
                            "x": 7.41,
                            "y": 8.22,
                            "curve": [
                                0.331,
                                0.5,
                                0.641,
                                1
                            ]
                        },
                        {
                            "time": 0.0333,
                            "x": 5.65,
                            "y": 8.53,
                            "curve": [
                                0.224,
                                0,
                                0.243,
                                1
                            ]
                        },
                        {
                            "time": 0.1,
                            "x": 12.4,
                            "y": 7.98,
                            "curve": [
                                0.394,
                                0,
                                0.707,
                                0.5
                            ]
                        },
                        {
                            "time": 0.1333,
                            "x": 7.41,
                            "y": 8.22
                        }
                    ]
                },
                "bone4": {
                    "translate": [
                        {
                            "time": 0,
                            "x": -5.93,
                            "y": -7.41
                        }
                    ]
                },
                "leg": {
                    "scale": [
                        {
                            "time": 0,
                            "x": 1.146,
                            "y": 1
                        }
                    ]
                },
                "bone3": {
                    "translate": [
                        {
                            "time": 0,
                            "x": 9.21,
                            "y": -1.7
                        }
                    ]
                },
                "bone": {
                    "translate": [
                        {
                            "time": 0,
                            "x": 2.21,
                            "y": -3.27,
                            "curve": [
                                0.312,
                                0.27,
                                0.649,
                                0.64
                            ]
                        },
                        {
                            "time": 0.0333,
                            "x": 0.49,
                            "y": -3.46
                        },
                        {
                            "time": 0.1,
                            "x": 5.19,
                            "y": -3.16,
                            "curve": [
                                0.297,
                                0,
                                0.634,
                                0.4
                            ]
                        },
                        {
                            "time": 0.1333,
                            "x": 2.21,
                            "y": -3.27
                        }
                    ]
                },
                "Side_0006_Layer-12-copy": {
                    "rotate": [
                        {
                            "time": 0,
                            "angle": -17.78
                        }
                    ],
                    "translate": [
                        {
                            "time": 0,
                            "x": 0.96,
                            "y": -5.79
                        }
                    ]
                },
                "Side_0009_Layer-11-copy": {
                    "rotate": [
                        {
                            "time": 0,
                            "angle": -23.9
                        }
                    ],
                    "translate": [
                        {
                            "time": 0,
                            "x": -14.09,
                            "y": 19.39
                        }
                    ]
                },
                "quarter_0001_Layer-1---2": {
                    "rotate": [
                        {
                            "time": 0,
                            "angle": -21.51
                        }
                    ],
                    "translate": [
                        {
                            "time": 0,
                            "x": -2.16,
                            "y": 2.48
                        },
                        {
                            "time": 0.0333,
                            "x": 0,
                            "y": 0
                        },
                        {
                            "time": 0.1,
                            "x": -0.05,
                            "y": -1.78
                        }
                    ]
                },
                "chest3": {
                    "rotate": [
                        {
                            "time": 0,
                            "angle": 4.93
                        },
                        {
                            "time": 0.0333,
                            "angle": -6.93
                        },
                        {
                            "time": 0.1,
                            "angle": 4.93
                        }
                    ],
                    "translate": [
                        {
                            "time": 0,
                            "x": -1.66,
                            "y": -4.26
                        },
                        {
                            "time": 0.0333,
                            "x": -1.06,
                            "y": -2.94
                        },
                        {
                            "time": 0.1,
                            "x": -1.66,
                            "y": -4.26
                        }
                    ]
                },
                "Side_0010_Layer-11": {
                    "rotate": [
                        {
                            "time": 0,
                            "angle": -78.91,
                            "curve": "stepped"
                        },
                        {
                            "time": 0.0333,
                            "angle": -78.91
                        },
                        {
                            "time": 0.1,
                            "angle": -54.27
                        }
                    ],
                    "translate": [
                        {
                            "time": 0,
                            "x": 1.67,
                            "y": 3.13
                        }
                    ],
                    "scale": [
                        {
                            "time": 0,
                            "x": 0.784,
                            "y": 1
                        }
                    ]
                },
                "Side_0007_Layer-12": {
                    "rotate": [
                        {
                            "time": 0,
                            "angle": -54.47
                        },
                        {
                            "time": 0.0333,
                            "angle": -46.59
                        },
                        {
                            "time": 0.1,
                            "angle": -62.35
                        },
                        {
                            "time": 0.1333,
                            "angle": -54.47
                        }
                    ],
                    "translate": [
                        {
                            "time": 0,
                            "x": -0.32,
                            "y": -0.42
                        },
                        {
                            "time": 0.0333,
                            "x": -1.05,
                            "y": -1.38
                        },
                        {
                            "time": 0.1,
                            "x": 0.42,
                            "y": 0.54
                        },
                        {
                            "time": 0.1333,
                            "x": -0.32,
                            "y": -0.42
                        }
                    ]
                },
                "Side_0001_Layer-17": {
                    "rotate": [
                        {
                            "time": 0,
                            "angle": 46.15
                        }
                    ],
                    "translate": [
                        {
                            "time": 0,
                            "x": -0.98,
                            "y": 6.1
                        }
                    ]
                },
                "quarter_0002_Layer-1---3": {
                    "rotate": [
                        {
                            "time": 0,
                            "angle": -48.13
                        }
                    ],
                    "translate": [
                        {
                            "time": 0,
                            "x": 2.94,
                            "y": -8.95
                        }
                    ]
                },
                "Gun3": {
                    "rotate": [
                        {
                            "time": 0,
                            "angle": -21.5
                        }
                    ],
                    "translate": [
                        {
                            "time": 0,
                            "x": -37.75,
                            "y": 42.54
                        }
                    ],
                    "scale": [
                        {
                            "time": 0,
                            "x": 0.576,
                            "y": 0.534
                        }
                    ]
                },
                "chest4": {
                    "translate": [
                        {
                            "time": 0,
                            "x": 0.83,
                            "y": -4.78,
                            "curve": "stepped"
                        },
                        {
                            "time": 0.0333,
                            "x": 0.83,
                            "y": -4.78
                        },
                        {
                            "time": 0.1,
                            "x": 0.72,
                            "y": -8.93
                        }
                    ]
                }
            }
        },
        "throw": {
            "bones": {
                "chest": {
                    "rotate": [
                        {
                            "time": 0,
                            "angle": 1.3
                        },
                        {
                            "time": 0.1667,
                            "angle": 1.37
                        },
                        {
                            "time": 0.2667,
                            "angle": 0
                        }
                    ],
                    "shear": [
                        {
                            "time": 0,
                            "x": -14.87,
                            "y": 0
                        },
                        {
                            "time": 0.1667,
                            "x": 4.97,
                            "y": 0
                        },
                        {
                            "time": 0.2667,
                            "x": 0,
                            "y": 0
                        }
                    ]
                },
                "chest2": {
                    "rotate": [
                        {
                            "time": 0,
                            "angle": -13
                        },
                        {
                            "time": 0.1667,
                            "angle": 5.86
                        },
                        {
                            "time": 0.2667,
                            "angle": 0
                        }
                    ],
                    "translate": [
                        {
                            "time": 0,
                            "x": -0.03,
                            "y": -2.73
                        },
                        {
                            "time": 0.2667,
                            "x": 0,
                            "y": 0
                        }
                    ]
                },
                "Side_0009_Layer-11-copy": {
                    "rotate": [
                        {
                            "time": 0,
                            "angle": -148.48
                        },
                        {
                            "time": 0.0667,
                            "angle": -73.32
                        },
                        {
                            "time": 0.1,
                            "angle": -60.26
                        },
                        {
                            "time": 0.1667,
                            "angle": -39.95
                        },
                        {
                            "time": 0.2667,
                            "angle": 0
                        }
                    ],
                    "scale": [
                        {
                            "time": 0,
                            "x": 1.131,
                            "y": 1
                        },
                        {
                            "time": 0.1667,
                            "x": 1.329,
                            "y": 1
                        },
                        {
                            "time": 0.2667,
                            "x": 1,
                            "y": 1
                        }
                    ]
                },
                "Side_0006_Layer-12-copy": {
                    "rotate": [
                        {
                            "time": 0,
                            "angle": 168.24
                        },
                        {
                            "time": 0.0667,
                            "angle": -159.59
                        },
                        {
                            "time": 0.1,
                            "angle": -130.09
                        },
                        {
                            "time": 0.1667,
                            "angle": -12.96
                        },
                        {
                            "time": 0.2667,
                            "angle": 0
                        }
                    ],
                    "scale": [
                        {
                            "time": 0,
                            "x": 1.131,
                            "y": 1
                        },
                        {
                            "time": 0.1667,
                            "x": 1.329,
                            "y": 1
                        },
                        {
                            "time": 0.2667,
                            "x": 1,
                            "y": 1
                        }
                    ]
                },
                "quarter_0001_Layer-1---2": {
                    "rotate": [
                        {
                            "time": 0,
                            "angle": -55.17
                        },
                        {
                            "time": 0.2667,
                            "angle": 0
                        }
                    ],
                    "translate": [
                        {
                            "time": 0,
                            "x": 2.18,
                            "y": -8.91
                        },
                        {
                            "time": 0.2667,
                            "x": 0,
                            "y": 0
                        }
                    ]
                },
                "hand": {
                    "rotate": [
                        {
                            "time": 0,
                            "angle": -114.9,
                            "curve": "stepped"
                        },
                        {
                            "time": 0.1333,
                            "angle": -114.9
                        },
                        {
                            "time": 0.1667,
                            "angle": -149.56
                        },
                        {
                            "time": 0.2,
                            "angle": -99.71
                        },
                        {
                            "time": 0.2333,
                            "angle": -123.29
                        },
                        {
                            "time": 0.2667,
                            "angle": 0
                        }
                    ],
                    "translate": [
                        {
                            "time": 0,
                            "x": 0,
                            "y": 0
                        },
                        {
                            "time": 0.1667,
                            "x": 0.81,
                            "y": -2.56
                        },
                        {
                            "time": 0.2,
                            "x": 0.54,
                            "y": -1.7
                        },
                        {
                            "time": 0.2667,
                            "x": 0,
                            "y": 0
                        }
                    ],
                    "scale": [
                        {
                            "time": 0,
                            "x": -0.999,
                            "y": 1,
                            "curve": "stepped"
                        },
                        {
                            "time": 0.2,
                            "x": -0.999,
                            "y": 1
                        },
                        {
                            "time": 0.2333,
                            "x": 1,
                            "y": 1
                        }
                    ]
                },
                "Side_0001_Layer-17": {
                    "rotate": [
                        {
                            "time": 0,
                            "angle": 44.78
                        },
                        {
                            "time": 0.1667,
                            "angle": 59.28
                        },
                        {
                            "time": 0.2667,
                            "angle": 0
                        }
                    ]
                },
                "Side_0010_Layer-11": {
                    "rotate": [
                        {
                            "time": 0,
                            "angle": 32.24
                        },
                        {
                            "time": 0.1667,
                            "angle": 46.74
                        },
                        {
                            "time": 0.2667,
                            "angle": 0
                        }
                    ]
                },
                "Side_0007_Layer-12": {
                    "rotate": [
                        {
                            "time": 0,
                            "angle": 25.83,
                            "curve": "stepped"
                        },
                        {
                            "time": 0.1667,
                            "angle": 25.83
                        },
                        {
                            "time": 0.2667,
                            "angle": 0
                        }
                    ]
                },
                "quarter_0002_Layer-1---3": {
                    "rotate": [
                        {
                            "time": 0,
                            "angle": 27.61,
                            "curve": "stepped"
                        },
                        {
                            "time": 0.1667,
                            "angle": 27.61
                        },
                        {
                            "time": 0.2667,
                            "angle": 0
                        }
                    ]
                },
                "chest3": {
                    "rotate": [
                        {
                            "time": 0,
                            "angle": 0
                        },
                        {
                            "time": 0.0667,
                            "angle": -16.83
                        },
                        {
                            "time": 0.2,
                            "angle": 16.65
                        },
                        {
                            "time": 0.2667,
                            "angle": 0
                        }
                    ]
                }
            }
        },
        "walk": {
            "bones": {
                "bone4": {
                    "translate": [
                        {
                            "time": 0,
                            "x": -17.53,
                            "y": -0.3
                        },
                        {
                            "time": 0.5,
                            "x": 24.97,
                            "y": 2.05
                        },
                        {
                            "time": 0.6667,
                            "x": 17.2,
                            "y": 12.79
                        },
                        {
                            "time": 0.8667,
                            "x": -8.86,
                            "y": 1.41
                        },
                        {
                            "time": 1,
                            "x": -17.53,
                            "y": -0.3
                        }
                    ]
                },
                "bone3": {
                    "translate": [
                        {
                            "time": 0,
                            "x": 7.1,
                            "y": 2.5
                        },
                        {
                            "time": 0.1667,
                            "x": 3.58,
                            "y": 12.8
                        },
                        {
                            "time": 0.3667,
                            "x": -38.65,
                            "y": 8.69
                        },
                        {
                            "time": 0.5,
                            "x": -30.93,
                            "y": 1.12
                        },
                        {
                            "time": 1,
                            "x": 7.1,
                            "y": 2.5
                        }
                    ]
                },
                "bone": {
                    "translate": [
                        {
                            "time": 0,
                            "x": -9.52,
                            "y": -1.33
                        },
                        {
                            "time": 0.2333,
                            "x": -8.59,
                            "y": 1.67
                        },
                        {
                            "time": 0.5,
                            "x": -9.52,
                            "y": -1.33
                        },
                        {
                            "time": 0.7333,
                            "x": -8.59,
                            "y": 1.67
                        },
                        {
                            "time": 1,
                            "x": -9.52,
                            "y": -1.33
                        }
                    ]
                },
                "quarter_0005_Layer-1---7": {
                    "rotate": [
                        {
                            "time": 0,
                            "angle": 6.3
                        },
                        {
                            "time": 0.5,
                            "angle": -0.74
                        },
                        {
                            "time": 0.6333,
                            "angle": 41.13
                        },
                        {
                            "time": 0.8667,
                            "angle": -7.23
                        },
                        {
                            "time": 1,
                            "angle": 8.45
                        }
                    ]
                },
                "chest": {
                    "rotate": [
                        {
                            "time": 0,
                            "angle": 2.69
                        },
                        {
                            "time": 0.0333,
                            "angle": 3.23
                        },
                        {
                            "time": 0.1,
                            "angle": 4.31
                        },
                        {
                            "time": 0.3333,
                            "angle": 0
                        },
                        {
                            "time": 0.6,
                            "angle": 4.31
                        },
                        {
                            "time": 0.8333,
                            "angle": 0
                        },
                        {
                            "time": 1,
                            "angle": 2.69
                        }
                    ],
                    "translate": [
                        {
                            "time": 0,
                            "x": 0.09,
                            "y": -1.66
                        },
                        {
                            "time": 0.0667,
                            "x": 0,
                            "y": -2.96
                        },
                        {
                            "time": 0.3,
                            "x": 0.37,
                            "y": 2.22
                        },
                        {
                            "time": 0.5667,
                            "x": 0,
                            "y": -2.96
                        },
                        {
                            "time": 0.8,
                            "x": 0.37,
                            "y": 2.22
                        },
                        {
                            "time": 1,
                            "x": 0.09,
                            "y": -1.66
                        }
                    ]
                },
                "chest2": {
                    "rotate": [
                        {
                            "time": 0,
                            "angle": -2.77
                        },
                        {
                            "time": 0.1,
                            "angle": -5.5
                        },
                        {
                            "time": 0.6,
                            "angle": 8.15
                        },
                        {
                            "time": 1,
                            "angle": -2.77
                        }
                    ]
                },
                "chest5": {
                    "translate": [
                        {
                            "time": 0,
                            "x": -0.02,
                            "y": -3.7
                        },
                        {
                            "time": 0.1,
                            "x": -0.02,
                            "y": -4.63
                        },
                        {
                            "time": 0.6,
                            "x": 0,
                            "y": 0
                        },
                        {
                            "time": 1,
                            "x": -0.02,
                            "y": -3.7
                        }
                    ]
                },
                "chest4": {
                    "translate": [
                        {
                            "time": 0,
                            "x": 0.02,
                            "y": 3.5
                        },
                        {
                            "time": 0.1,
                            "x": 0.02,
                            "y": 4.37
                        },
                        {
                            "time": 0.6,
                            "x": 0,
                            "y": 0
                        },
                        {
                            "time": 1,
                            "x": 0.02,
                            "y": 3.5
                        }
                    ]
                },
                "Side_0010_Layer-11": {
                    "rotate": [
                        {
                            "time": 0,
                            "angle": 7.42
                        },
                        {
                            "time": 0.1,
                            "angle": 8.45
                        },
                        {
                            "time": 0.6,
                            "angle": 3.28
                        },
                        {
                            "time": 1,
                            "angle": 7.42
                        }
                    ]
                },
                "Side_0007_Layer-12": {
                    "rotate": [
                        {
                            "time": 0,
                            "angle": -2.66
                        },
                        {
                            "time": 0.1,
                            "angle": -5.6
                        },
                        {
                            "time": 0.6,
                            "angle": 9.13
                        },
                        {
                            "time": 1,
                            "angle": -2.66
                        }
                    ]
                },
                "Side_0006_Layer-12-copy": {
                    "rotate": [
                        {
                            "time": 0,
                            "angle": 10.94
                        },
                        {
                            "time": 0.5,
                            "angle": -9.63
                        },
                        {
                            "time": 1,
                            "angle": 10.94
                        }
                    ]
                },
                "hand": {
                    "rotate": [
                        {
                            "time": 0,
                            "angle": 7.92
                        }
                    ],
                    "translate": [
                        {
                            "time": 0,
                            "x": 1.99,
                            "y": 1.13
                        },
                        {
                            "time": 0.1,
                            "x": 3.37,
                            "y": -0.2
                        },
                        {
                            "time": 0.3333,
                            "x": -0.07,
                            "y": 2.93
                        },
                        {
                            "time": 0.6,
                            "x": -1.25,
                            "y": -1.07
                        },
                        {
                            "time": 0.8333,
                            "x": -0.3,
                            "y": 3.33
                        },
                        {
                            "time": 1,
                            "x": 1.99,
                            "y": 1.13
                        }
                    ]
                },
                "chest3": {
                    "rotate": [
                        {
                            "time": 0,
                            "angle": 1.82
                        },
                        {
                            "time": 0.1,
                            "angle": 3.45
                        },
                        {
                            "time": 0.3333,
                            "angle": -0.9
                        },
                        {
                            "time": 0.6,
                            "angle": 3.45
                        },
                        {
                            "time": 0.8333,
                            "angle": -0.9
                        },
                        {
                            "time": 1,
                            "angle": 1.82
                        }
                    ],
                    "translate": [
                        {
                            "time": 0,
                            "x": -1.05,
                            "y": 0.22
                        },
                        {
                            "time": 0.1,
                            "x": -2.27,
                            "y": 0.56
                        },
                        {
                            "time": 0.3333,
                            "x": 0.98,
                            "y": -0.36
                        },
                        {
                            "time": 0.6,
                            "x": -2.27,
                            "y": 0.56
                        },
                        {
                            "time": 0.8333,
                            "x": 0.98,
                            "y": -0.36
                        },
                        {
                            "time": 1,
                            "x": -1.05,
                            "y": 0.22
                        }
                    ]
                },
                "quarter_0006_Layer-1---8": {
                    "rotate": [
                        {
                            "time": 0,
                            "angle": 0
                        },
                        {
                            "time": 0.1667,
                            "angle": 25.42
                        },
                        {
                            "time": 0.2667,
                            "angle": 32.05
                        },
                        {
                            "time": 0.3667,
                            "angle": -23.86
                        },
                        {
                            "time": 0.5,
                            "angle": 0
                        }
                    ]
                },
                "leg": {
                    "scale": [
                        {
                            "time": 0,
                            "x": 1.026,
                            "y": 1
                        },
                        {
                            "time": 0.5,
                            "x": 1.043,
                            "y": 0.995
                        },
                        {
                            "time": 1,
                            "x": 1.026,
                            "y": 1
                        }
                    ]
                },
                "quarter_0005_Layer-1---6": {
                    "scale": [
                        {
                            "time": 0,
                            "x": 1.026,
                            "y": 1
                        },
                        {
                            "time": 0.5,
                            "x": 1.043,
                            "y": 0.995
                        },
                        {
                            "time": 1,
                            "x": 1.026,
                            "y": 1
                        }
                    ]
                },
                "Side_0001_Layer-17": {
                    "rotate": [
                        {
                            "time": 0,
                            "angle": 6.61
                        },
                        {
                            "time": 0.5,
                            "angle": 3.4
                        },
                        {
                            "time": 1,
                            "angle": 6.61
                        }
                    ]
                },
                "Side_0009_Layer-11-copy": {
                    "rotate": [
                        {
                            "time": 0,
                            "angle": -9.73
                        },
                        {
                            "time": 0.5,
                            "angle": 21.54
                        },
                        {
                            "time": 1,
                            "angle": -9.73
                        }
                    ]
                }
            }
        }
    }
}
