{"skeleton":{"hash":"1EKgrdcJPGEGml09BfZT01Z0Q6M","spine":"3.7.94","width":132.43,"height":202.78,"images":"./Medic Front/","audio":"D:/Daily Doodle/Commissions/2D isometric sprites/marine quarter"},"bones":[{"name":"root","x":0.0},{"name":"bone","parent":"root","x":8.95,"y":79.24},{"name":"chest","parent":"bone","length":36.28,"rotation":89.98,"x":3.6,"y":5.2},{"name":"chest2","parent":"chest","x":40.4,"y":0.06},{"name":"chest4","parent":"chest2","x":-3.73,"y":-15.66},{"name":"chest5","parent":"chest2","x":-9.07,"y":14.28},{"name":"Side_0010_Layer-11","parent":"chest5","length":24.44,"rotation":-117.25,"x":0.95,"y":5.61,"transform":"onlyTranslation"},{"name":"quarter_0002_Layer-1---3","parent":"chest4","length":29.53,"rotation":17.81,"x":8.73,"y":-3.46,"transform":"noRotationOrReflection"},{"name":"Side_0007_Layer-12","parent":"Side_0010_Layer-11","length":27.95,"rotation":-139.85,"x":20.41,"y":0.31,"scaleX":0.589,"transform":"onlyTranslation"},{"name":"Side_0009_Layer-11-copy","parent":"chest4","length":22.02,"rotation":-91.4,"x":-0.17,"y":-1.34,"transform":"onlyTranslation"},{"name":"quarter_0001_Layer-1---2","parent":"chest5","length":25.42,"rotation":149.15,"x":7.33,"y":3.46,"transform":"noRotationOrReflection"},{"name":"Side_0006_Layer-12-copy","parent":"Side_0009_Layer-11-copy","length":18.06,"rotation":100.65,"x":22.31,"y":-3.14,"transform":"onlyTranslation"},{"name":"hand","parent":"Side_0006_Layer-12-copy","length":20.22,"rotation":-60.86,"x":19.4,"y":2.24},{"name":"gun","parent":"Side_0007_Layer-12","length":27.34,"rotation":12.91,"x":21.31,"y":-5.66,"transform":"onlyTranslation"},{"name":"chest3","parent":"chest","length":47.97,"rotation":100.8,"x":48.55,"y":-0.41,"transform":"noRotationOrReflection"},{"name":"Gun2","parent":"root","length":38.28,"rotation":-156.86,"x":12.88,"y":98.21},{"name":"Gun3","parent":"root","length":69.87,"rotation":-158.73,"x":-38.75,"y":75.08},{"name":"Legs-BackQ_0003_Layer-51","parent":"bone","length":29.19,"rotation":-99.55,"x":-6.33,"y":-4.48},{"name":"Legs-BackQ_0002_Layer-52","parent":"Legs-BackQ_0003_Layer-51","length":39.94,"rotation":1.42,"x":29.81,"y":-0.44},{"name":"Legs-BackQ_0002_Layer-53","parent":"root","rotation":-98.13,"x":-8.68,"y":5.63,"color":"ff3f00ff"},{"name":"Legs-BackQ_0001_Layer-53","parent":"bone","length":28.12,"rotation":-87.3,"x":15.61,"y":0.92},{"name":"Legs-BackQ_0000_Layer-54","parent":"Legs-BackQ_0001_Layer-53","length":41.01,"rotation":8.1,"x":28.37,"y":-0.28},{"name":"bone2","parent":"root","x":28.33,"y":11.53,"color":"ff3f00ff"},{"name":"Legs-BackQ_0002_Layer-54","parent":"Legs-BackQ_0002_Layer-52","length":21.6,"rotation":164.36,"x":41.02,"y":0.07,"transform":"onlyTranslation"},{"name":"Legs-BackQ_0000_Layer-55","parent":"Legs-BackQ_0000_Layer-54","length":18.43,"rotation":153.71,"x":39.73,"y":-3.08,"transform":"onlyTranslation"},{"name":"gun2","parent":"bone","length":68.09,"rotation":131.92,"x":-7.84,"y":25.79},{"name":"chest6","parent":"chest","length":37.88,"rotation":0.94,"x":47.19,"y":-9.85},{"name":"gun3","parent":"gun2","x":73.12,"y":3.68}],"slots":[{"name":"drop shadow","bone":"root","attachment":"drop shadow"},{"name":"FrontM_0007_Layer-35","bone":"gun","attachment":"FrontM_0007_Layer-35"},{"name":"FrontM_0007_Layer-36","bone":"gun2","attachment":"FrontM_0007_Layer-35"},{"name":"FrontM_0010_Layer-24","bone":"Side_0006_Layer-12-copy","attachment":"FrontM_0010_Layer-24"},{"name":"FrontM_0009_Layer-23-copy","bone":"Side_0009_Layer-11-copy","attachment":"FrontM_0009_Layer-23-copy"},{"name":"Variant_0005_Layer-46","bone":"chest3","attachment":"Variant_0005_Layer-46"},{"name":"Variant_0008_Layer-22-copy-5","bone":"quarter_0002_Layer-1---3","attachment":"Variant_0008_Layer-22-copy-5"},{"name":"thigh","bone":"Legs-BackQ_0001_Layer-53","attachment":"thigh"},{"name":"Variant_0011_Layer-18-copy-5","bone":"root","attachment":"Variant_0011_Layer-18-copy-3"},{"name":"thigh2","bone":"Legs-BackQ_0003_Layer-51","attachment":"thigh"},{"name":"Variant_0011_Layer-18-copy-3","bone":"root","attachment":"Variant_0011_Layer-18-copy-3"},{"name":"Variant_0001_Layer-40-copy","bone":"chest","attachment":"Variant_0001_Layer-40-copy"},{"name":"Variant_0011_Layer-18-copy-4","bone":"root"},{"name":"FrontM_0008_Layer-24-copy","bone":"Side_0007_Layer-12","attachment":"FrontM_0008_Layer-24-copy"},{"name":"Variant_0009_Layer-22-copy-4","bone":"quarter_0001_Layer-1---2","attachment":"Variant_0009_Layer-22-copy-4"},{"name":"FrontM_0011_Layer-23","bone":"Side_0010_Layer-11","attachment":"FrontM_0011_Layer-23"},{"name":"tank back","bone":"chest6","attachment":"tank back"},{"name":"tank back2","bone":"chest6","attachment":"tank back"},{"name":"Gun Glow","bone":"gun3","blend":"additive"}],"ik":[{"name":"footB","order":1,"bones":["Legs-BackQ_0001_Layer-53","Legs-BackQ_0000_Layer-54"],"target":"bone2"},{"name":"footF","order":0,"bones":["Legs-BackQ_0003_Layer-51","Legs-BackQ_0002_Layer-52"],"target":"Legs-BackQ_0002_Layer-53"}],"skins":{"default":{"FrontM_0007_Layer-35":{"FrontM_0007_Layer-35":{"x":44.28,"y":5.01,"scaleX":-1.001,"rotation":20.74,"width":102,"height":42}},"FrontM_0007_Layer-36":{"FrontM_0007_Layer-35":{"x":34.57,"y":-1.1,"scaleX":0.998,"rotation":170.13,"width":102,"height":42}},"FrontM_0008_Layer-24-copy":{"FrontM_0008_Layer-24-copy":{"x":13.71,"y":-0.74,"scaleX":1.002,"scaleY":1.059,"rotation":72.6,"width":21,"height":40}},"FrontM_0009_Layer-23-copy":{"FrontM_0009_Layer-23-copy":{"x":9.44,"y":0.79,"rotation":79.04,"width":16,"height":32}},"FrontM_0010_Layer-24":{"FrontM_0010_Layer-24":{"x":9.49,"y":1.52,"scaleY":0.789,"rotation":111.48,"width":21,"height":40}},"FrontM_0011_Layer-23":{"FrontM_0011_Layer-23":{"x":8.66,"y":0.35,"rotation":98.29,"width":16,"height":32}},"Gun Glow":{"Gun Glow":{"x":1.21,"y":0.54,"scaleX":0.265,"scaleY":0.265,"width":457,"height":457}},"Variant_0001_Layer-40-copy":{"Variant_0001_Layer-40-copy":{"x":17.6,"y":0.24,"rotation":-89.98,"width":54,"height":75}},"Variant_0005_Layer-46":{"Variant_0005_Layer-46":{"x":19.91,"y":2.18,"scaleX":0.931,"scaleY":0.931,"rotation":-100.8,"width":38,"height":47}},"Variant_0008_Layer-22-copy-5":{"Variant_0008_Layer-22-copy-5":{"x":0.62,"y":0.42,"rotation":-17.81,"width":19,"height":22}},"Variant_0009_Layer-22-copy-4":{"Variant_0009_Layer-22-copy-4":{"x":0.55,"y":-0.9,"rotation":-149.15,"width":19,"height":22}},"Variant_0011_Layer-18-copy-3":{"Variant_0011_Layer-18-copy-3":{"type":"mesh","uvs":[0.03902,0.86777,0.18266,0.93799,0.30475,0.96433,0.53457,0.99797,0.80388,0.98042,0.94752,0.92044,0.94752,0.77561,0.93675,0.64833,0.83261,0.59127,1,0.29892,1,0.10663,0.68555,0,0.32083,0,0.1921,0.17218,0.21356,0.43222,0.36374,0.63107,0.35301,0.76655,0.18674,0.77092,0.06337,0.81244,0.40641,0.86702,0.22451,0.84128,0.62798,0.88575,0.81507,0.85237,0.53886,0.77623,0.83497,0.75873,0.60958,0.63431,0.60589,0.34836,0.60891,0.13745],"triangles":[20,17,16,20,16,19,20,1,18,20,18,17,0,18,1,2,20,19,1,20,2,2,19,3,27,12,11,27,11,10,9,27,10,27,13,12,26,27,9,26,13,27,14,13,26,8,26,9,15,14,26,25,15,26,8,25,26,24,8,7,25,8,24,24,7,6,23,15,25,21,23,25,16,15,23,25,24,21,19,16,23,22,21,24,22,24,6,5,22,6,4,21,22,4,22,5,21,3,19,21,19,23,3,21,4],"vertices":[1,23,11.4,2.33,1,2,18,42.8,-12.36,0.01082,23,7.17,5.01,0.98918,2,18,44.28,-9.03,0.14488,23,3.57,5.57,0.85512,2,18,46.57,-1.49,0.71233,23,-4.31,5.81,0.28767,2,18,45.7,5.61,0.99124,23,-10.93,3.11,0.00876,1,18,42.32,8.69,1,1,18,34.45,8.37,1,1,18,27.54,7.85,1,1,18,24.53,5.42,1,1,18,8.49,8.48,1,1,18,-1.96,8.05,1,1,18,-7.48,0.85,1,1,18,-7.15,-7.23,1,1,18,2.33,-9.7,1,1,18,16.44,-8.65,1,2,18,27.12,-4.88,0.9986,23,4.07,-12.08,0.0014,2,18,33.96,-6.71,0.54754,23,4.04,-5,0.45246,2,18,33.78,-12.4,0.06766,23,9.57,-3.68,0.93234,2,18,36.07,-15.32,4.7E-4,23,11.79,-0.7,0.99953,2,18,38.87,-7.09,0.12285,23,3.11,-0.16,0.87715,2,18,37.5,-11.67,0.00405,23,7.9,-0.28,0.99595,1,18,40.73,1.54,1,1,18,38.74,5.61,1,2,18,34.82,-0.81,0.96855,23,-1.88,-5.72,0.03145,1,18,33.63,5.84,1,1,18,27.07,0.57,1,1,18,11.53,-0.14,1,1,18,0.06,-0.54,1],"hull":19,"edges":[0,2,2,4,4,6,6,8,8,10,10,12,12,14,14,16,16,18,18,20,20,22,22,24,24,26,26,28,28,30,30,32,32,34,34,36,0,36,32,38],"width":22,"height":54}},"Variant_0011_Layer-18-copy-5":{"Variant_0011_Layer-18-copy-3":{"type":"mesh","uvs":[0.03902,0.86777,0.18266,0.93799,0.30475,0.96433,0.53457,0.99797,0.80388,0.98042,0.94752,0.92044,0.94752,0.77561,0.93675,0.64833,0.83261,0.59127,1,0.29892,1,0.10663,0.68555,0,0.32083,0,0.1921,0.17218,0.21356,0.43222,0.36374,0.63107,0.35301,0.76655,0.18674,0.77092,0.06337,0.81244,0.40641,0.86702,0.22451,0.84128,0.62798,0.88575,0.81507,0.85237,0.53886,0.77623,0.83497,0.75873,0.60958,0.63431,0.60589,0.34836,0.60891,0.13745],"triangles":[20,17,16,19,16,23,20,16,19,20,1,18,20,18,17,0,18,1,2,20,19,1,20,2,21,3,19,2,19,3,27,12,11,27,11,10,9,27,10,27,13,12,26,27,9,26,13,27,14,13,26,8,26,9,15,14,26,25,15,26,8,25,26,24,8,7,25,8,24,24,7,6,23,15,25,21,23,25,16,15,23,25,24,21,22,21,24,22,24,6,5,22,6,4,21,22,4,22,5,21,19,23,3,21,4],"vertices":[1,24,9.43,4.59,1,1,24,4.74,6.11,1,2,21,43.5,-7.89,0.01298,24,1.71,5.87,0.98702,2,21,45.61,-2.95,0.45207,24,-3.54,4.7,0.54793,2,21,45.01,3.02,0.99464,24,-8.04,0.73,0.00536,1,21,41.96,6.36,1,1,21,34.15,6.82,1,1,21,27.28,6.98,1,1,21,24.07,4.88,1,1,21,8.52,9.47,1,1,21,-1.84,10.08,1,1,21,-7.99,3.51,1,1,21,-8.46,-4.5,1,1,21,0.65,-7.87,1,1,21,14.7,-8.22,1,2,21,25.61,-5.55,0.98446,24,10.23,-10.03,0.01554,2,21,32.9,-6.21,0.38418,24,6.52,-3.72,0.61582,2,21,32.92,-9.88,0.01329,24,9.49,-1.56,0.98671,1,24,10.58,1.78,1,1,24,2.63,0.24,1,1,24,6.75,1.2,1,2,21,39.68,-0.55,0.88611,24,-2.03,-1.52,0.11389,1,21,38.12,3.67,1,2,21,33.66,-2.16,0.81366,24,2.79,-5.46,0.18634,1,21,33.1,4.4,1,2,21,26.1,-0.16,0.99982,24,5.57,-12.77,1.8E-4,1,21,10.68,0.66,1,1,21,-0.68,1.39,1],"hull":19,"edges":[0,2,2,4,4,6,6,8,8,10,10,12,12,14,14,16,16,18,18,20,20,22,22,24,24,26,26,28,28,30,30,32,32,34,34,36,0,36,32,38],"width":22,"height":54}},"tank back":{"tank back":{"x":5.28,"y":-6.67,"rotation":-90.92,"width":23,"height":55}},"tank back2":{"tank back":{"x":2.49,"y":11.88,"rotation":-90.92,"width":23,"height":55}},"thigh":{"thigh":{"x":13.1,"y":0.54,"scaleX":0.926,"scaleY":0.926,"rotation":101.98,"width":28,"height":40}},"thigh2":{"thigh":{"x":12.97,"y":0.72,"scaleX":1.041,"scaleY":1.041,"rotation":98.43,"width":28,"height":40}}}},"animations":{"shoot":{"slots":{"FrontM_0007_Layer-35":{"attachment":[{"time":0,"name":null}]},"Gun Glow":{"color":[{"time":0,"color":"ffffff7f","curve":[0.25,0,0.475,1]},{"time":0.6,"color":"ffffffff"},{"time":1,"color":"ffffff00"}],"attachment":[{"time":0,"name":"Gun Glow"}]}},"bones":{"Gun2":{"rotate":[{"time":0,"angle":1.06}],"translate":[{"time":0,"x":3.18,"y":10.03}]},"bone":{"translate":[{"time":0,"x":1.59,"y":-2.6,"curve":[0.25,0,0.475,1]},{"time":0.2333,"x":8.34,"y":-5.06,"curve":[0.543,0,0.75,1]},{"time":1,"x":-1.03,"y":-1.65}]},"Side_0006_Layer-12-copy":{"rotate":[{"time":0,"angle":91.16,"curve":[0.25,0,0.475,1]},{"time":0.2333,"angle":105.01,"curve":[0.543,0,0.75,1]},{"time":1,"angle":85.79}],"translate":[{"time":0,"x":0.58,"y":5.04}]},"Side_0009_Layer-11-copy":{"rotate":[{"time":0,"angle":42.57,"curve":[0.25,0,0.475,1]},{"time":0.2333,"angle":58.82,"curve":[0.543,0,0.75,1]},{"time":1,"angle":36.28}],"translate":[{"time":0,"x":1.77,"y":3.55}]},"quarter_0001_Layer-1---2":{"rotate":[{"time":0,"angle":-21.51}],"translate":[{"time":0,"x":6.52,"y":1.31}]},"chest3":{"rotate":[{"time":0,"angle":-19.99}],"translate":[{"time":0,"x":-1.25,"y":-4.27}]},"Side_0010_Layer-11":{"rotate":[{"time":0,"angle":-51.86,"curve":[0.25,0,0.475,1]},{"time":0.2333,"angle":-34.87,"curve":[0.543,0,0.75,1]},{"time":1,"angle":-58.45}],"translate":[{"time":0,"x":6.95,"y":-3.47}],"scale":[{"time":0,"x":1.013,"y":1}]},"Side_0007_Layer-12":{"rotate":[{"time":0,"angle":-99.75,"curve":[0.25,0,0.475,1]},{"time":0.2333,"angle":-110.91,"curve":[0.543,0,0.75,1]},{"time":1,"angle":-95.43}],"translate":[{"time":0,"x":0.75,"y":-2.02}],"scale":[{"time":0,"x":1.697,"y":1}]},"gun":{"rotate":[{"time":0,"angle":-35.55}],"translate":[{"time":0,"x":-0.98,"y":6.1}],"scale":[{"time":0,"x":-0.999,"y":1}]},"Gun3":{"rotate":[{"time":0,"angle":-85.97}],"translate":[{"time":0,"x":34.89,"y":23.83}],"scale":[{"time":0,"x":0.576,"y":0.534}]},"gun2":{"translate":[{"time":0,"x":6.43,"y":2.25,"curve":[0.25,0,0.475,1]},{"time":0.2333,"x":12.57,"y":-3.89,"curve":[0.543,0,0.75,1]},{"time":1,"x":4.05,"y":4.63}]},"chest4":{"translate":[{"time":0,"x":3.55,"y":0}]},"bone2":{"translate":[{"time":0,"x":8.93,"y":1.49}]},"gun3":{"scale":[{"time":0,"x":1.164,"y":1.164,"curve":[0.25,0,0.475,1]},{"time":0.2333,"x":1.801,"y":1.801,"curve":[0.543,0,0.75,1]},{"time":1,"x":0.917,"y":0.917}]}}},"throw":{},"walk":{"slots":{"FrontM_0007_Layer-36":{"attachment":[{"time":0,"name":null}]}},"bones":{"bone":{"translate":[{"time":0,"x":-9.52,"y":-1.33},{"time":0.2333,"x":-8.59,"y":1.67},{"time":0.5,"x":-9.52,"y":-1.33},{"time":0.7333,"x":-8.59,"y":1.67},{"time":1,"x":-9.52,"y":-1.33}]},"chest":{"rotate":[{"time":0,"angle":2.69},{"time":0.0333,"angle":3.23},{"time":0.1,"angle":4.31},{"time":0.3333,"angle":0},{"time":0.6,"angle":4.31},{"time":0.8333,"angle":0},{"time":1,"angle":2.69}],"translate":[{"time":0,"x":0.09,"y":-1.66},{"time":0.0667,"x":0,"y":-2.96},{"time":0.3,"x":0.37,"y":2.22},{"time":0.5667,"x":0,"y":-2.96},{"time":0.8,"x":0.37,"y":2.22},{"time":1,"x":0.09,"y":-1.66}]},"chest2":{"rotate":[{"time":0,"angle":-2.77},{"time":0.1,"angle":-5.5},{"time":0.6,"angle":8.15},{"time":1,"angle":-2.77}]},"chest5":{"translate":[{"time":0,"x":-0.02,"y":-3.7},{"time":0.1,"x":-0.02,"y":-4.63},{"time":0.6,"x":0,"y":0},{"time":1,"x":-0.02,"y":-3.7}]},"chest4":{"translate":[{"time":0,"x":0.02,"y":3.5},{"time":0.1,"x":0.02,"y":4.37},{"time":0.6,"x":0,"y":0},{"time":1,"x":0.02,"y":3.5}]},"Side_0010_Layer-11":{"rotate":[{"time":0,"angle":6.38},{"time":0.1,"angle":7.42},{"time":0.2,"angle":8.45},{"time":0.7,"angle":3.28},{"time":1,"angle":6.38}]},"Side_0007_Layer-12":{"rotate":[{"time":0,"angle":0.29},{"time":0.1,"angle":-2.66},{"time":0.2,"angle":-5.6},{"time":0.7,"angle":9.13},{"time":1,"angle":0.29}]},"Side_0006_Layer-12-copy":{"rotate":[{"time":0,"angle":-72.98},{"time":0.1,"angle":-63.13},{"time":0.3667,"angle":-102.49},{"time":0.6,"angle":-170.19},{"time":1,"angle":-72.98}],"translate":[{"time":0,"x":-1.15,"y":3.85}],"scale":[{"time":0,"x":0.663,"y":1,"curve":"stepped"},{"time":0.1,"x":0.663,"y":1},{"time":0.3667,"x":0.601,"y":1},{"time":0.6,"x":0.75,"y":1},{"time":0.8,"x":0.541,"y":1},{"time":1,"x":0.663,"y":1}]},"hand":{"rotate":[{"time":0,"angle":7.92}],"translate":[{"time":0,"x":1.99,"y":1.13},{"time":0.1,"x":3.37,"y":-0.2},{"time":0.3333,"x":-0.07,"y":2.93},{"time":0.6,"x":-1.25,"y":-1.07},{"time":0.8333,"x":-0.3,"y":3.33},{"time":1,"x":1.99,"y":1.13}]},"chest3":{"rotate":[{"time":0,"angle":1.82},{"time":0.1,"angle":3.45},{"time":0.3333,"angle":-0.9},{"time":0.6,"angle":3.45},{"time":0.8333,"angle":-0.9},{"time":1,"angle":1.82}],"translate":[{"time":0,"x":-1.05,"y":0.22},{"time":0.1,"x":-2.27,"y":0.56},{"time":0.3333,"x":0.98,"y":-0.36},{"time":0.6,"x":-2.27,"y":0.56},{"time":0.8333,"x":0.98,"y":-0.36},{"time":1,"x":-1.05,"y":0.22}]},"Legs-BackQ_0002_Layer-53":{"translate":[{"time":0,"x":-20.24,"y":9.64},{"time":0.5,"x":13.5,"y":-6.75},{"time":0.6667,"x":17.83,"y":9.16},{"time":0.8333,"x":-11.35,"y":14.83},{"time":1,"x":-20.24,"y":9.64}]},"Legs-BackQ_0003_Layer-51":{"scale":[{"time":0,"x":0.949,"y":1},{"time":0.5,"x":1.058,"y":1},{"time":0.6667,"x":0.998,"y":1},{"time":0.8333,"x":0.842,"y":1},{"time":1,"x":0.949,"y":1}]},"Legs-BackQ_0002_Layer-52":{"scale":[{"time":0,"x":0.949,"y":1},{"time":0.5,"x":1.058,"y":1},{"time":0.6667,"x":0.998,"y":1},{"time":0.8333,"x":0.979,"y":1},{"time":1,"x":0.949,"y":1}]},"bone2":{"translate":[{"time":0,"x":2.89,"y":-0.48},{"time":0.1667,"x":0.25,"y":10.08},{"time":0.3667,"x":-32.48,"y":14.83},{"time":0.5,"x":-33.54,"y":9.56},{"time":1,"x":2.89,"y":-0.48}]},"Legs-BackQ_0001_Layer-53":{"scale":[{"time":0,"x":1.019,"y":1},{"time":0.1667,"x":0.988,"y":1},{"time":0.3667,"x":0.939,"y":1},{"time":0.5,"x":0.959,"y":1},{"time":1,"x":1.019,"y":1}]},"Legs-BackQ_0000_Layer-54":{"scale":[{"time":0,"x":1.019,"y":1},{"time":0.1667,"x":0.94,"y":1},{"time":0.3667,"x":0.887,"y":1},{"time":0.5,"x":0.906,"y":1},{"time":1,"x":1.019,"y":1}]},"Legs-BackQ_0002_Layer-54":{"rotate":[{"time":0.5,"angle":0},{"time":0.6667,"angle":49.14},{"time":0.8333,"angle":-15.38},{"time":1,"angle":0}]},"Legs-BackQ_0000_Layer-55":{"rotate":[{"time":0,"angle":0},{"time":0.1667,"angle":44.21},{"time":0.4,"angle":-6.52},{"time":0.5,"angle":0}]},"gun":{"rotate":[{"time":0,"angle":-1.68},{"time":0.1,"angle":0},{"time":0.6,"angle":-8.39},{"time":1,"angle":-1.68}]},"Side_0009_Layer-11-copy":{"rotate":[{"time":0,"angle":19.58},{"time":0.1,"angle":29.21},{"time":0.3667,"angle":17.35},{"time":0.6,"angle":17.19},{"time":1,"angle":19.58}]}}}}}