{
    "skeleton": {
        "hash": "c30jAZ8eEB44ngLgXUQfRHGuHTM",
        "spine": "3.7.94",
        "width": 142.59,
        "height": 189.79,
        "images": "./marine quarter/",
        "audio": "D:/Daily Doodle/Commissions/2D isometric sprites/Quarter Back/../marine quarter"
    },
    "bones": [
        {
            "name": "root",
            "x": 0
        },
        {
            "name": "bone",
            "parent": "root",
            "x": 1.69,
            "y": 81.52
        },
        {
            "name": "chest",
            "parent": "bone",
            "length": 36.28,
            "rotation": 91.47,
            "x": -0.31,
            "y": 2.48
        },
        {
            "name": "chest2",
            "parent": "chest",
            "x": 39.98,
            "y": -0.72
        },
        {
            "name": "chest4",
            "parent": "chest2",
            "x": -7.4,
            "y": -26.43
        },
        {
            "name": "Side_0010_Layer-11",
            "parent": "chest4",
            "length": 24.44,
            "rotation": -77.55,
            "x": -6.33,
            "y": -13.22,
            "transform": "onlyTranslation"
        },
        {
            "name": "quarter_0002_Layer-1---3",
            "parent": "chest4",
            "length": 29.53,
            "rotation": 17.81,
            "x": 9.05,
            "y": -6.17,
            "transform": "noRotationOrReflection"
        },
        {
            "name": "Side_0007_Layer-12",
            "parent": "Side_0010_Layer-11",
            "length": 20.31,
            "rotation": -148.74,
            "x": 23.77,
            "y": -0.17,
            "transform": "onlyTranslation"
        },
        {
            "name": "quarter_0004_Layer-1---5",
            "parent": "bone",
            "length": 30.1,
            "rotation": -92.36,
            "x": 18.78,
            "y": -1.55
        },
        {
            "name": "quarter_0006_Layer-1---7",
            "parent": "quarter_0004_Layer-1---5",
            "length": 35.27,
            "rotation": 15.05,
            "x": 30.71,
            "y": 0.03
        },
        {
            "name": "quarter_0006_Layer-1---8",
            "parent": "quarter_0006_Layer-1---7",
            "length": 17.2,
            "rotation": -132.72,
            "x": 37.86,
            "y": -1.22,
            "transform": "onlyTranslation"
        },
        {
            "name": "leg",
            "parent": "bone",
            "length": 27.3,
            "rotation": -102.46,
            "x": -5.03,
            "y": -0.3
        },
        {
            "name": "quarter_0005_Layer-1---6",
            "parent": "leg",
            "length": 29.14,
            "rotation": 13.07,
            "x": 28.82,
            "y": 0.33
        },
        {
            "name": "quarter_0005_Layer-1---7",
            "parent": "quarter_0005_Layer-1---6",
            "length": 18.33,
            "rotation": -162.46,
            "x": 30.06,
            "y": -1.56,
            "transform": "onlyTranslation"
        },
        {
            "name": "chest5",
            "parent": "chest2",
            "x": 1.09,
            "y": 14.65
        },
        {
            "name": "Side_0009_Layer-11-copy",
            "parent": "chest5",
            "length": 22.02,
            "rotation": -91.61,
            "x": -4.04,
            "y": 3.42,
            "transform": "onlyTranslation"
        },
        {
            "name": "quarter_0001_Layer-1---2",
            "parent": "chest5",
            "length": 25.42,
            "rotation": 149.15,
            "x": 7.33,
            "y": 3.46,
            "transform": "noRotationOrReflection"
        },
        {
            "name": "Side_0006_Layer-12-copy",
            "parent": "Side_0009_Layer-11-copy",
            "length": 18.06,
            "rotation": -168.11,
            "x": 27.41,
            "y": 6.66,
            "transform": "onlyTranslation"
        },
        {
            "name": "hand",
            "parent": "Side_0006_Layer-12-copy",
            "length": 20.22,
            "rotation": -62.79,
            "x": 18.11,
            "y": 0.56
        },
        {
            "name": "Side_0001_Layer-17",
            "parent": "Side_0007_Layer-12",
            "length": 27.34,
            "rotation": -32.48,
            "x": 23.34,
            "y": -0.39,
            "transform": "noScale"
        },
        {
            "name": "chest3",
            "parent": "chest",
            "length": 47.97,
            "rotation": 100.8,
            "x": 48.87,
            "y": -4.97,
            "transform": "noRotationOrReflection"
        },
        {
            "name": "bone3",
            "parent": "root",
            "x": 26.57,
            "y": 14.93,
            "color": "ff3f00ff"
        },
        {
            "name": "bone4",
            "parent": "root",
            "x": -10.88,
            "y": 24.19,
            "color": "ff3f00ff"
        },
        {
            "name": "Side_0012_Layer-9",
            "parent": "quarter_0004_Layer-1---5",
            "rotation": -93.35,
            "x": 31.72,
            "y": -3.58,
            "transform": "onlyTranslation"
        },
        {
            "name": "Side_0012_Layer-10",
            "parent": "leg",
            "rotation": -81.49,
            "x": 29.07,
            "y": -7.9,
            "scaleX": 0.879,
            "scaleY": 0.728,
            "transform": "onlyTranslation"
        },
        {
            "name": "Gun2",
            "parent": "root",
            "length": 38.28,
            "rotation": -156.86,
            "x": 12.88,
            "y": 98.21
        },
        {
            "name": "Gun3",
            "parent": "root",
            "length": 69.87,
            "rotation": -158.73,
            "x": -38.75,
            "y": 75.08
        }
    ],
    "slots": [
        {
            "name": "drop shadow",
            "bone": "root",
            "attachment": "drop shadow"
        },
        {
            "name": "leg",
            "bone": "leg",
            "attachment": "leg"
        },
        {
            "name": "quarter_0005_Layer-1---6",
            "bone": "quarter_0005_Layer-1---6",
            "attachment": "quarter_0005_Layer-1---6"
        },
        {
            "name": "Side_0012_Layer-10",
            "bone": "Side_0012_Layer-10",
            "attachment": "Side_0012_Layer-9"
        },
        {
            "name": "quarter_0004_Layer-1---5",
            "bone": "quarter_0004_Layer-1---5",
            "attachment": "quarter_0004_Layer-1---5"
        },
        {
            "name": "quarter_0006_Layer-1---7",
            "bone": "quarter_0006_Layer-1---7",
            "attachment": "quarter_0006_Layer-1---7"
        },
        {
            "name": "Side_0012_Layer-9",
            "bone": "Side_0012_Layer-9",
            "attachment": "Side_0012_Layer-9"
        },
        {
            "name": "Side_0009_Layer-11-copy",
            "bone": "Side_0009_Layer-11-copy",
            "attachment": "Side_0009_Layer-11-copy"
        },
        {
            "name": "Side_0006_Layer-12-copy",
            "bone": "Side_0006_Layer-12-copy",
            "attachment": "Side_0006_Layer-12-copy"
        },
        {
            "name": "quarter_0001_Layer-1---2",
            "bone": "quarter_0001_Layer-1---2",
            "attachment": "quarter_0001_Layer-1---2"
        },
        {
            "name": "chest",
            "bone": "chest",
            "attachment": "chest"
        },
        {
            "name": "quarter_0000_Layer-1---1",
            "bone": "chest3",
            "attachment": "quarter_0000_Layer-1---1"
        },
        {
            "name": "Side_0010_Layer-11",
            "bone": "Side_0010_Layer-11",
            "attachment": "Side_0010_Layer-11"
        },
        {
            "name": "Side_0007_Layer-12",
            "bone": "Side_0007_Layer-12",
            "attachment": "Side_0007_Layer-12"
        },
        {
            "name": "quarter_0002_Layer-1---3",
            "bone": "quarter_0002_Layer-1---3",
            "attachment": "quarter_0002_Layer-1---3"
        },
        {
            "name": "Side_0001_Layer-17",
            "bone": "Side_0001_Layer-17",
            "attachment": "Side_0001_Layer-17"
        },
        {
            "name": "hand",
            "bone": "hand",
            "attachment": "hand"
        },
        {
            "name": "front_0001_Layer-17",
            "bone": "Side_0001_Layer-17"
        },
        {
            "name": "Gun2",
            "bone": "Gun2"
        },
        {
            "name": "muzzle flash",
            "bone": "Gun3",
            "color": "ffffffb8",
            "blend": "additive"
        }
    ],
    "ik": [
        {
            "name": "footL",
            "order": 1,
            "bones": [
                "leg",
                "quarter_0005_Layer-1---6"
            ],
            "target": "bone4"
        },
        {
            "name": "footR",
            "order": 0,
            "bones": [
                "quarter_0004_Layer-1---5",
                "quarter_0006_Layer-1---7"
            ],
            "target": "bone3"
        }
    ],
    "skins": {
        "default": {
            "Gun2": {
                "Gun2": {
                    "x": 16.49,
                    "y": 0.82,
                    "rotation": 152.88,
                    "width": 77,
                    "height": 67
                },
                "Gun2B": {
                    "x": 16.49,
                    "y": 0.82,
                    "rotation": 152.88,
                    "width": 77,
                    "height": 67
                }
            },
            "Side_0001_Layer-17": {
                "Side_0001_Layer-17": {
                    "type": "mesh",
                    "uvs": [
                        1,
                        0.24148,
                        1,
                        0.35668,
                        0.84711,
                        0.49803,
                        0.8774,
                        0.69683,
                        0.77084,
                        0.86008,
                        0.69892,
                        0.84834,
                        0.53863,
                        1,
                        0.43961,
                        0.90918,
                        0.45251,
                        0.65291,
                        0.05384,
                        0.94835,
                        0.00014,
                        0.84917,
                        0.00028,
                        0.70022,
                        0.43641,
                        0.33406,
                        0.45394,
                        0.27192,
                        0.62382,
                        0.14018,
                        0.73212,
                        0.14787,
                        0.86616,
                        0.01724,
                        0.92153,
                        0,
                        0.65706,
                        0.6781,
                        0.62879,
                        0.64363,
                        0.64181,
                        0.56602,
                        0.7496,
                        0.44964,
                        0.77164,
                        0.403
                    ],
                    "triangles": [
                        16,
                        17,
                        0,
                        0,
                        15,
                        16,
                        0,
                        22,
                        15,
                        1,
                        22,
                        0,
                        22,
                        14,
                        15,
                        2,
                        22,
                        1,
                        21,
                        22,
                        2,
                        14,
                        21,
                        13,
                        22,
                        21,
                        14,
                        21,
                        12,
                        13,
                        20,
                        12,
                        21,
                        20,
                        8,
                        12,
                        19,
                        8,
                        20,
                        2,
                        18,
                        20,
                        2,
                        20,
                        21,
                        19,
                        20,
                        18,
                        18,
                        2,
                        3,
                        8,
                        11,
                        12,
                        4,
                        5,
                        18,
                        3,
                        4,
                        18,
                        11,
                        8,
                        10,
                        8,
                        9,
                        10,
                        5,
                        7,
                        18,
                        18,
                        8,
                        19,
                        18,
                        7,
                        8,
                        6,
                        7,
                        5
                    ],
                    "vertices": [
                        -36.44,
                        -11.85,
                        -33.84,
                        -4.82,
                        -11.44,
                        -3.32,
                        -10.76,
                        10.21,
                        6.32,
                        15.2,
                        15.09,
                        11.14,
                        38.65,
                        12.93,
                        49.05,
                        2.79,
                        41.65,
                        -12.23,
                        98.41,
                        -12.76,
                        102.92,
                        -21.31,
                        99.54,
                        -30.38,
                        36.48,
                        -32.42,
                        32.87,
                        -35.39,
                        8.55,
                        -35.52,
                        -4.89,
                        -30.01,
                        -24.68,
                        -31.74,
                        -32.03,
                        -30.22,
                        16.51,
                        -1.18,
                        19.28,
                        -4.6,
                        15.9,
                        -8.72,
                        -0.27,
                        -10.8,
                        -4.1,
                        -12.62
                    ],
                    "hull": 18,
                    "edges": [
                        10,
                        36,
                        36,
                        38,
                        38,
                        40,
                        40,
                        42,
                        42,
                        44,
                        44,
                        4,
                        4,
                        6,
                        6,
                        8,
                        8,
                        10,
                        12,
                        10,
                        4,
                        2,
                        2,
                        0,
                        34,
                        0,
                        32,
                        34,
                        32,
                        30,
                        30,
                        28,
                        28,
                        26,
                        26,
                        24,
                        24,
                        22,
                        20,
                        22,
                        20,
                        18,
                        18,
                        16,
                        16,
                        14,
                        14,
                        12
                    ],
                    "width": 134,
                    "height": 65
                },
                "front_0001_Layer-17": {
                    "x": 3.97,
                    "y": 0.22,
                    "rotation": 159.5,
                    "width": 32,
                    "height": 31
                }
            },
            "Side_0006_Layer-12-copy": {
                "Side_0006_Layer-12-copy": {
                    "x": 10.69,
                    "y": 0.63,
                    "scaleX": 0.904,
                    "scaleY": 0.873,
                    "rotation": 86.86,
                    "width": 25,
                    "height": 37
                }
            },
            "Side_0007_Layer-12": {
                "Side_0007_Layer-12": {
                    "x": 9.41,
                    "y": 3.59,
                    "rotation": 140.4,
                    "width": 33,
                    "height": 29
                }
            },
            "Side_0009_Layer-11-copy": {
                "Side_0009_Layer-11-copy": {
                    "x": 12.12,
                    "y": 0.35,
                    "scaleX": 0.841,
                    "scaleY": 0.841,
                    "rotation": 102.88,
                    "width": 29,
                    "height": 41
                }
            },
            "Side_0010_Layer-11": {
                "Side_0010_Layer-11": {
                    "x": 13.16,
                    "y": 0.24,
                    "rotation": 77.55,
                    "width": 29,
                    "height": 41
                }
            },
            "Side_0012_Layer-10": {
                "Side_0012_Layer-9": {
                    "x": 0.87,
                    "y": 1.24,
                    "rotation": 93.35,
                    "width": 19,
                    "height": 14
                }
            },
            "Side_0012_Layer-9": {
                "Side_0012_Layer-9": {
                    "x": 0.87,
                    "y": 1.24,
                    "rotation": 93.35,
                    "width": 19,
                    "height": 14
                }
            },
            "chest": {
                "chest": {
                    "x": 17.85,
                    "y": -6.48,
                    "rotation": -91.47,
                    "width": 55,
                    "height": 68
                }
            },
            "hand": {
                "hand": {
                    "x": 1.8,
                    "y": -1.83,
                    "rotation": -150.69,
                    "width": 34,
                    "height": 21
                }
            },
            "leg": {
                "leg": {
                    "x": 11.02,
                    "y": 0.63,
                    "rotation": 102.46,
                    "width": 31,
                    "height": 44
                }
            },
            "muzzle flash": {
                "muzzle flash": {
                    "x": 66.69,
                    "y": 8.45,
                    "rotation": -48.91,
                    "width": 326,
                    "height": 356
                }
            },
            "quarter_0000_Layer-1---1": {
                "quarter_0000_Layer-1---1": {
                    "x": 15.2,
                    "y": 1.36,
                    "rotation": -100.8,
                    "width": 41,
                    "height": 49
                }
            },
            "quarter_0001_Layer-1---2": {
                "quarter_0001_Layer-1---2": {
                    "x": -1.35,
                    "y": 1.29,
                    "rotation": -149.99,
                    "width": 28,
                    "height": 33
                }
            },
            "quarter_0002_Layer-1---3": {
                "quarter_0002_Layer-1---3": {
                    "x": 2.62,
                    "y": -2.7,
                    "rotation": -20.91,
                    "width": 35,
                    "height": 36
                }
            },
            "quarter_0004_Layer-1---5": {
                "quarter_0004_Layer-1---5": {
                    "x": 15.68,
                    "y": 1.35,
                    "rotation": 92.36,
                    "width": 31,
                    "height": 49
                }
            },
            "quarter_0005_Layer-1---6": {
                "quarter_0005_Layer-1---6": {
                    "type": "mesh",
                    "uvs": [
                        0.0194,
                        0.92545,
                        0.22878,
                        0.99291,
                        0.80298,
                        0.93976,
                        0.89815,
                        0.78643,
                        0.92036,
                        0.67603,
                        0.92036,
                        0.52678,
                        0.97746,
                        0.43683,
                        0.89815,
                        0.14856,
                        0.63802,
                        0.00136,
                        0.18437,
                        0.02181,
                        0.1114,
                        0.46954,
                        0.22878,
                        0.56154,
                        0.26685,
                        0.66172,
                        0.22243,
                        0.71487,
                        0.0194,
                        0.7946,
                        0.11808,
                        0.80596,
                        0.30963,
                        0.74407,
                        0.36406,
                        0.66154,
                        0.37898,
                        0.53456,
                        0.27165,
                        0.45421,
                        0.59754,
                        0.42527,
                        0.26593,
                        0.18027,
                        0.60774,
                        0.15317,
                        0.69341,
                        0.5266
                    ],
                    "triangles": [
                        16,
                        12,
                        17,
                        13,
                        12,
                        16,
                        15,
                        14,
                        13,
                        0,
                        14,
                        15,
                        16,
                        15,
                        13,
                        1,
                        15,
                        16,
                        0,
                        15,
                        1,
                        2,
                        1,
                        16,
                        2,
                        16,
                        17,
                        8,
                        21,
                        9,
                        22,
                        8,
                        7,
                        22,
                        21,
                        8,
                        20,
                        21,
                        22,
                        19,
                        21,
                        20,
                        10,
                        9,
                        21,
                        10,
                        21,
                        19,
                        7,
                        20,
                        22,
                        6,
                        20,
                        7,
                        6,
                        23,
                        20,
                        5,
                        23,
                        6,
                        18,
                        19,
                        20,
                        18,
                        20,
                        23,
                        11,
                        10,
                        19,
                        11,
                        19,
                        18,
                        18,
                        12,
                        11,
                        17,
                        12,
                        18,
                        23,
                        5,
                        4,
                        3,
                        23,
                        4,
                        2,
                        23,
                        3,
                        17,
                        18,
                        23,
                        17,
                        23,
                        2
                    ],
                    "vertices": [
                        1,
                        13,
                        14.68,
                        2.16,
                        1,
                        1,
                        13,
                        9.9,
                        6.98,
                        1,
                        2,
                        12,
                        37.56,
                        7.88,
                        0.39001,
                        13,
                        -6.63,
                        10.07,
                        0.60999,
                        2,
                        12,
                        30.69,
                        10.71,
                        0.8064,
                        13,
                        -11.47,
                        4.42,
                        0.1936,
                        2,
                        12,
                        25.73,
                        11.41,
                        0.91983,
                        13,
                        -13.67,
                        -0.08,
                        0.08017,
                        1,
                        12,
                        19.01,
                        11.48,
                        1,
                        1,
                        12,
                        14.98,
                        13.18,
                        1,
                        1,
                        12,
                        1.99,
                        11.02,
                        1,
                        1,
                        12,
                        -4.72,
                        3.54,
                        1,
                        1,
                        12,
                        -3.94,
                        -9.62,
                        1,
                        2,
                        12,
                        16.19,
                        -11.95,
                        0.99068,
                        13,
                        5.56,
                        -16.41,
                        0.00932,
                        2,
                        12,
                        20.36,
                        -8.59,
                        0.90784,
                        13,
                        3.67,
                        -11.4,
                        0.09216,
                        2,
                        12,
                        24.88,
                        -7.54,
                        0.52248,
                        13,
                        4.07,
                        -6.77,
                        0.47752,
                        2,
                        12,
                        27.26,
                        -8.85,
                        0.16064,
                        13,
                        6.06,
                        -4.92,
                        0.83936,
                        1,
                        13,
                        12.79,
                        -3.42,
                        1,
                        2,
                        12,
                        31.33,
                        -11.92,
                        0.00122,
                        13,
                        10.24,
                        -2.01,
                        0.99878,
                        2,
                        12,
                        28.6,
                        -6.33,
                        0.14436,
                        13,
                        4.08,
                        -2.87,
                        0.85564,
                        2,
                        12,
                        24.9,
                        -4.72,
                        0.63939,
                        13,
                        1.4,
                        -5.88,
                        0.36061,
                        2,
                        12,
                        19.2,
                        -4.22,
                        0.95901,
                        13,
                        -0.85,
                        -11.15,
                        0.04099,
                        2,
                        12,
                        15.55,
                        -7.3,
                        0.98941,
                        13,
                        0.94,
                        -15.57,
                        0.01059,
                        1,
                        12,
                        14.35,
                        2.17,
                        1,
                        1,
                        12,
                        3.22,
                        -7.33,
                        1,
                        1,
                        12,
                        2.1,
                        2.59,
                        1,
                        1,
                        12,
                        18.93,
                        4.9,
                        1
                    ],
                    "hull": 15,
                    "edges": [
                        0,
                        2,
                        2,
                        4,
                        4,
                        6,
                        6,
                        8,
                        8,
                        10,
                        10,
                        12,
                        12,
                        14,
                        14,
                        16,
                        16,
                        18,
                        18,
                        20,
                        20,
                        22,
                        22,
                        24,
                        24,
                        26,
                        26,
                        28,
                        0,
                        28,
                        22,
                        36,
                        36,
                        46,
                        46,
                        10
                    ],
                    "width": 29,
                    "height": 45
                }
            },
            "quarter_0006_Layer-1---7": {
                "quarter_0006_Layer-1---7": {
                    "type": "mesh",
                    "uvs": [
                        0.68962,
                        1,
                        0.41462,
                        1,
                        0.20928,
                        0.92118,
                        0.30462,
                        0.73232,
                        0.31562,
                        0.64515,
                        0.22762,
                        0.50609,
                        0.04428,
                        0.4459,
                        0,
                        0.02873,
                        0.17262,
                        0,
                        0.57962,
                        0,
                        0.84728,
                        0.10968,
                        0.95728,
                        0.35043,
                        0.96462,
                        0.45005,
                        0.96462,
                        0.62232,
                        0.94628,
                        0.76345,
                        0.91328,
                        0.8693,
                        0.46021,
                        0.84432,
                        0.52701,
                        0.71162,
                        0.53112,
                        0.63691,
                        0.41468,
                        0.48932,
                        0.6494,
                        0.48147,
                        0.26499,
                        0.38318,
                        0.64286,
                        0.34863,
                        0.22583,
                        0.18801,
                        0.59999,
                        0.16176
                    ],
                    "triangles": [
                        3,
                        4,
                        17,
                        16,
                        3,
                        17,
                        15,
                        17,
                        14,
                        2,
                        3,
                        16,
                        1,
                        2,
                        16,
                        0,
                        17,
                        15,
                        16,
                        17,
                        0,
                        1,
                        16,
                        0,
                        24,
                        9,
                        10,
                        23,
                        8,
                        9,
                        23,
                        9,
                        24,
                        22,
                        24,
                        10,
                        22,
                        10,
                        11,
                        21,
                        23,
                        24,
                        19,
                        21,
                        24,
                        23,
                        6,
                        7,
                        23,
                        7,
                        8,
                        6,
                        23,
                        21,
                        20,
                        22,
                        11,
                        20,
                        11,
                        12,
                        22,
                        19,
                        24,
                        20,
                        19,
                        22,
                        5,
                        6,
                        21,
                        5,
                        21,
                        19,
                        20,
                        12,
                        13,
                        18,
                        19,
                        20,
                        4,
                        5,
                        19,
                        4,
                        19,
                        18,
                        17,
                        4,
                        18,
                        14,
                        20,
                        13,
                        18,
                        20,
                        14,
                        17,
                        18,
                        14
                    ],
                    "vertices": [
                        2,
                        9,
                        52.02,
                        -0.98,
                        0.00037,
                        10,
                        10.59,
                        9.4,
                        0.99963,
                        1,
                        10,
                        14.46,
                        2.11,
                        1,
                        1,
                        10,
                        13.66,
                        -5.29,
                        1,
                        2,
                        9,
                        35.64,
                        -9.13,
                        0.25788,
                        10,
                        3.47,
                        -7.45,
                        0.74212,
                        2,
                        9,
                        31.2,
                        -7.8,
                        0.74446,
                        10,
                        -0.76,
                        -9.33,
                        0.25554,
                        2,
                        9,
                        23.43,
                        -8.75,
                        0.99563,
                        10,
                        -6.04,
                        -15.11,
                        0.00437,
                        1,
                        9,
                        19.11,
                        -13.42,
                        1,
                        1,
                        9,
                        -2.75,
                        -9.86,
                        1,
                        1,
                        9,
                        -3.1,
                        -4.47,
                        1,
                        1,
                        9,
                        -0.41,
                        7.44,
                        1,
                        1,
                        9,
                        7.02,
                        14,
                        1,
                        1,
                        9,
                        20.2,
                        14.41,
                        1,
                        1,
                        9,
                        25.4,
                        13.47,
                        1,
                        2,
                        9,
                        34.3,
                        11.46,
                        0.94122,
                        10,
                        -10.96,
                        7.31,
                        0.05878,
                        2,
                        9,
                        41.48,
                        9.28,
                        0.49877,
                        10,
                        -4.09,
                        10.33,
                        0.50123,
                        2,
                        9,
                        46.73,
                        7.08,
                        0.16892,
                        10,
                        1.33,
                        12.08,
                        0.83108,
                        2,
                        9,
                        42.46,
                        -5.88,
                        0.00133,
                        10,
                        6.53,
                        -0.55,
                        0.99867,
                        2,
                        9,
                        36.03,
                        -2.38,
                        0.42694,
                        10,
                        -0.62,
                        -2.07,
                        0.57306,
                        2,
                        9,
                        32.2,
                        -1.39,
                        0.95248,
                        10,
                        -4.18,
                        -3.82,
                        0.04752,
                        2,
                        9,
                        23.8,
                        -3.08,
                        0.99866,
                        10,
                        -9.45,
                        -10.57,
                        0.00134,
                        1,
                        9,
                        24.94,
                        3.88,
                        1,
                        1,
                        9,
                        17.33,
                        -6.23,
                        1,
                        1,
                        9,
                        18.03,
                        5.23,
                        1,
                        1,
                        9,
                        6.98,
                        -5.1,
                        1,
                        1,
                        9,
                        8.09,
                        6.15,
                        1
                    ],
                    "hull": 16,
                    "edges": [
                        0,
                        2,
                        2,
                        4,
                        4,
                        6,
                        6,
                        8,
                        8,
                        10,
                        10,
                        12,
                        12,
                        14,
                        14,
                        16,
                        16,
                        18,
                        18,
                        20,
                        20,
                        22,
                        22,
                        24,
                        24,
                        26,
                        26,
                        28,
                        28,
                        30,
                        0,
                        30,
                        10,
                        38,
                        38,
                        40,
                        40,
                        24
                    ],
                    "width": 30,
                    "height": 53
                }
            }
        }
    },
    "animations": {
        "shoot": {
            "slots": {
                "Gun2": {
                    "attachment": [
                        {
                            "time": 0,
                            "name": "Gun2"
                        },
                        {
                            "time": 0.0667,
                            "name": "Gun2B"
                        },
                        {
                            "time": 0.1333,
                            "name": "Gun2"
                        }
                    ]
                },
                "Side_0001_Layer-17": {
                    "attachment": [
                        {
                            "time": 0,
                            "name": "front_0001_Layer-17"
                        }
                    ]
                },
                "hand": {
                    "attachment": [
                        {
                            "time": 0,
                            "name": null
                        }
                    ]
                },
                "muzzle flash": {
                    "attachment": [
                        {
                            "time": 0.0667,
                            "name": "muzzle flash"
                        },
                        {
                            "time": 0.1,
                            "name": null
                        }
                    ]
                }
            },
            "bones": {
                "Gun2": {
                    "rotate": [
                        {
                            "time": 0,
                            "angle": 1.06,
                            "curve": [
                                0.331,
                                0.5,
                                0.641,
                                1
                            ]
                        },
                        {
                            "time": 0.0333,
                            "angle": 6.13,
                            "curve": [
                                0.493,
                                0,
                                0.75,
                                1
                            ]
                        },
                        {
                            "time": 0.1,
                            "angle": -3.16,
                            "curve": [
                                0.394,
                                0,
                                0.707,
                                0.5
                            ]
                        },
                        {
                            "time": 0.1333,
                            "angle": 1.06
                        }
                    ],
                    "translate": [
                        {
                            "time": 0,
                            "x": 3.18,
                            "y": 10.03,
                            "curve": [
                                0.331,
                                0.5,
                                0.641,
                                1
                            ]
                        },
                        {
                            "time": 0.0333,
                            "x": 1.48,
                            "y": 9.17,
                            "curve": [
                                0.224,
                                0,
                                0.243,
                                1
                            ]
                        },
                        {
                            "time": 0.1,
                            "x": 6.06,
                            "y": 12.21,
                            "curve": [
                                0.394,
                                0,
                                0.707,
                                0.5
                            ]
                        },
                        {
                            "time": 0.1333,
                            "x": 3.18,
                            "y": 10.03
                        }
                    ]
                },
                "bone4": {
                    "translate": [
                        {
                            "time": 0,
                            "x": -5.93,
                            "y": -7.41
                        }
                    ]
                },
                "leg": {
                    "scale": [
                        {
                            "time": 0,
                            "x": 1.146,
                            "y": 1
                        }
                    ]
                },
                "bone3": {
                    "translate": [
                        {
                            "time": 0,
                            "x": 6.42,
                            "y": 1.48
                        }
                    ]
                },
                "bone": {
                    "translate": [
                        {
                            "time": 0,
                            "x": 2.21,
                            "y": -3.27,
                            "curve": [
                                0.312,
                                0.27,
                                0.649,
                                0.64
                            ]
                        },
                        {
                            "time": 0.0333,
                            "x": 0.49,
                            "y": -3.46
                        },
                        {
                            "time": 0.1,
                            "x": 3.17,
                            "y": -3.16,
                            "curve": [
                                0.297,
                                0,
                                0.634,
                                0.4
                            ]
                        },
                        {
                            "time": 0.1333,
                            "x": 2.21,
                            "y": -3.27
                        }
                    ]
                },
                "Side_0006_Layer-12-copy": {
                    "rotate": [
                        {
                            "time": 0,
                            "angle": 144.22,
                            "curve": "stepped"
                        },
                        {
                            "time": 0.0333,
                            "angle": 144.22
                        },
                        {
                            "time": 0.1,
                            "angle": 166.2
                        }
                    ],
                    "translate": [
                        {
                            "time": 0,
                            "x": -1.68,
                            "y": -9.86
                        }
                    ]
                },
                "Side_0009_Layer-11-copy": {
                    "rotate": [
                        {
                            "time": 0,
                            "angle": -23.9,
                            "curve": "stepped"
                        },
                        {
                            "time": 0.0333,
                            "angle": -23.9
                        },
                        {
                            "time": 0.1,
                            "angle": -18.87
                        }
                    ]
                },
                "quarter_0001_Layer-1---2": {
                    "rotate": [
                        {
                            "time": 0,
                            "angle": -21.51
                        }
                    ],
                    "translate": [
                        {
                            "time": 0.0333,
                            "x": 0,
                            "y": 0
                        },
                        {
                            "time": 0.1,
                            "x": -0.05,
                            "y": -1.78
                        }
                    ]
                },
                "chest3": {
                    "rotate": [
                        {
                            "time": 0,
                            "angle": -19.99
                        }
                    ],
                    "translate": [
                        {
                            "time": 0,
                            "x": -1.25,
                            "y": -4.27
                        },
                        {
                            "time": 0.0333,
                            "x": -1.06,
                            "y": -2.94
                        },
                        {
                            "time": 0.1,
                            "x": -1.43,
                            "y": -5.6
                        },
                        {
                            "time": 0.1333,
                            "x": -1.25,
                            "y": -4.27
                        }
                    ]
                },
                "Side_0010_Layer-11": {
                    "rotate": [
                        {
                            "time": 0,
                            "angle": 15.41,
                            "curve": "stepped"
                        },
                        {
                            "time": 0.0333,
                            "angle": 15.41
                        },
                        {
                            "time": 0.1,
                            "angle": 20.56
                        }
                    ],
                    "scale": [
                        {
                            "time": 0,
                            "x": 0.784,
                            "y": 1
                        }
                    ]
                },
                "Side_0007_Layer-12": {
                    "rotate": [
                        {
                            "time": 0,
                            "angle": -38.25,
                            "curve": "stepped"
                        },
                        {
                            "time": 0.0333,
                            "angle": -38.25
                        },
                        {
                            "time": 0.1,
                            "angle": -42.22
                        }
                    ],
                    "translate": [
                        {
                            "time": 0,
                            "x": 1.78,
                            "y": 1.24
                        }
                    ]
                },
                "Side_0001_Layer-17": {
                    "rotate": [
                        {
                            "time": 0,
                            "angle": 46.15
                        }
                    ],
                    "translate": [
                        {
                            "time": 0,
                            "x": -0.98,
                            "y": 6.1
                        }
                    ]
                },
                "quarter_0002_Layer-1---3": {
                    "translate": [
                        {
                            "time": 0.0333,
                            "x": 0,
                            "y": 0
                        },
                        {
                            "time": 0.1,
                            "x": -0.08,
                            "y": -2.97
                        }
                    ]
                },
                "Gun3": {
                    "rotate": [
                        {
                            "time": 0,
                            "angle": 5.61
                        }
                    ],
                    "translate": [
                        {
                            "time": 0,
                            "x": 34.89,
                            "y": 23.83
                        }
                    ],
                    "scale": [
                        {
                            "time": 0,
                            "x": 0.576,
                            "y": 0.534
                        }
                    ]
                }
            }
        },
        "throw": {
            "bones": {
                "Side_0009_Layer-11-copy": {
                    "rotate": [
                        {
                            "time": 0,
                            "angle": -155.18
                        },
                        {
                            "time": 0.1,
                            "angle": -96.07
                        },
                        {
                            "time": 0.1667,
                            "angle": -90.97
                        },
                        {
                            "time": 0.2667,
                            "angle": 0
                        }
                    ],
                    "scale": [
                        {
                            "time": 0,
                            "x": 1,
                            "y": 1
                        },
                        {
                            "time": 0.1667,
                            "x": 1.29,
                            "y": 1
                        },
                        {
                            "time": 0.2667,
                            "x": 1,
                            "y": 1
                        }
                    ]
                },
                "Side_0006_Layer-12-copy": {
                    "rotate": [
                        {
                            "time": 0,
                            "angle": -171.96
                        },
                        {
                            "time": 0.0667,
                            "angle": -168.06
                        },
                        {
                            "time": 0.1,
                            "angle": -123.99
                        },
                        {
                            "time": 0.1667,
                            "angle": -17.42
                        },
                        {
                            "time": 0.2667,
                            "angle": 0
                        }
                    ],
                    "translate": [
                        {
                            "time": 0,
                            "x": -2.56,
                            "y": -4.77
                        },
                        {
                            "time": 0.2667,
                            "x": 0,
                            "y": 0
                        }
                    ],
                    "scale": [
                        {
                            "time": 0,
                            "x": 1,
                            "y": 1
                        },
                        {
                            "time": 0.1667,
                            "x": 1.29,
                            "y": 1
                        },
                        {
                            "time": 0.2667,
                            "x": 1,
                            "y": 1
                        }
                    ]
                },
                "quarter_0001_Layer-1---2": {
                    "rotate": [
                        {
                            "time": 0,
                            "angle": -18.06
                        },
                        {
                            "time": 0.2667,
                            "angle": 0
                        }
                    ],
                    "translate": [
                        {
                            "time": 0,
                            "x": 3.44,
                            "y": -4.54
                        },
                        {
                            "time": 0.2667,
                            "x": 0,
                            "y": 0
                        }
                    ]
                },
                "chest": {
                    "rotate": [
                        {
                            "time": 0,
                            "angle": -12.6
                        },
                        {
                            "time": 0.1667,
                            "angle": -3.17
                        },
                        {
                            "time": 0.2667,
                            "angle": -9.4
                        }
                    ],
                    "shear": [
                        {
                            "time": 0,
                            "x": -9.17,
                            "y": 0
                        },
                        {
                            "time": 0.1667,
                            "x": 5.69,
                            "y": 0
                        },
                        {
                            "time": 0.2667,
                            "x": 0,
                            "y": 0
                        }
                    ]
                },
                "hand": {
                    "rotate": [
                        {
                            "time": 0,
                            "angle": -116.24
                        },
                        {
                            "time": 0.1667,
                            "angle": -89.3
                        },
                        {
                            "time": 0.2,
                            "angle": -17.64
                        },
                        {
                            "time": 0.2667,
                            "angle": 0
                        }
                    ],
                    "translate": [
                        {
                            "time": 0,
                            "x": 4.91,
                            "y": -1.1
                        },
                        {
                            "time": 0.2667,
                            "x": 3.57,
                            "y": 4.85
                        }
                    ],
                    "scale": [
                        {
                            "time": 0,
                            "x": -1.029,
                            "y": 1,
                            "curve": "stepped"
                        },
                        {
                            "time": 0.1667,
                            "x": -1.029,
                            "y": 1
                        },
                        {
                            "time": 0.2,
                            "x": 1,
                            "y": 1
                        }
                    ]
                },
                "Side_0007_Layer-12": {
                    "rotate": [
                        {
                            "time": 0,
                            "angle": 0
                        },
                        {
                            "time": 0.1667,
                            "angle": 39.01
                        },
                        {
                            "time": 0.2667,
                            "angle": 0
                        }
                    ]
                },
                "chest2": {
                    "rotate": [
                        {
                            "time": 0,
                            "angle": -17.67
                        },
                        {
                            "time": 0.1667,
                            "angle": -7.47
                        }
                    ]
                },
                "chest5": {
                    "translate": [
                        {
                            "time": 0,
                            "x": 0,
                            "y": 0
                        },
                        {
                            "time": 0.1667,
                            "x": -6.3,
                            "y": 4.34
                        },
                        {
                            "time": 0.2667,
                            "x": 0,
                            "y": 0
                        }
                    ]
                },
                "chest4": {
                    "translate": [
                        {
                            "time": 0,
                            "x": 0,
                            "y": 0
                        },
                        {
                            "time": 0.1667,
                            "x": -2.48,
                            "y": -2.11
                        },
                        {
                            "time": 0.2667,
                            "x": 0,
                            "y": 0
                        }
                    ]
                },
                "chest3": {
                    "rotate": [
                        {
                            "time": 0,
                            "angle": 0
                        },
                        {
                            "time": 0.0667,
                            "angle": -17.21
                        },
                        {
                            "time": 0.2,
                            "angle": 5.16
                        },
                        {
                            "time": 0.2667,
                            "angle": 0
                        }
                    ]
                }
            },
            "drawOrder": [
                {
                    "time": 0,
                    "offsets": [
                        {
                            "slot": "Side_0012_Layer-10",
                            "offset": 3
                        }
                    ]
                }
            ]
        },
        "walk": {
            "bones": {
                "bone4": {
                    "translate": [
                        {
                            "time": 0,
                            "x": -7.1,
                            "y": -8.45
                        },
                        {
                            "time": 0.5,
                            "x": 21.06,
                            "y": 4.66
                        },
                        {
                            "time": 0.6667,
                            "x": 17.2,
                            "y": 12.79
                        },
                        {
                            "time": 0.8667,
                            "x": -8.86,
                            "y": 1.41
                        },
                        {
                            "time": 1,
                            "x": -7.1,
                            "y": -8.45
                        }
                    ]
                },
                "leg": {
                    "scale": [
                        {
                            "time": 0,
                            "x": 1.111,
                            "y": 1
                        },
                        {
                            "time": 0.5,
                            "x": 1.027,
                            "y": 1
                        },
                        {
                            "time": 0.6667,
                            "x": 0.929,
                            "y": 1
                        },
                        {
                            "time": 0.7667,
                            "x": 1.027,
                            "y": 1
                        },
                        {
                            "time": 1,
                            "x": 1.111,
                            "y": 1
                        }
                    ]
                },
                "quarter_0005_Layer-1---6": {
                    "scale": [
                        {
                            "time": 0,
                            "x": 1.111,
                            "y": 1
                        },
                        {
                            "time": 0.5,
                            "x": 1.027,
                            "y": 1,
                            "curve": "stepped"
                        },
                        {
                            "time": 0.7667,
                            "x": 1.027,
                            "y": 1
                        },
                        {
                            "time": 1,
                            "x": 1.111,
                            "y": 1
                        }
                    ]
                },
                "bone3": {
                    "translate": [
                        {
                            "time": 0,
                            "x": 7.1,
                            "y": 15.21
                        },
                        {
                            "time": 0.1667,
                            "x": 3.58,
                            "y": 22.25
                        },
                        {
                            "time": 0.3667,
                            "x": -25.29,
                            "y": 6.41
                        },
                        {
                            "time": 0.5,
                            "x": -17.89,
                            "y": -3.45
                        },
                        {
                            "time": 1,
                            "x": 7.1,
                            "y": 15.21
                        }
                    ]
                },
                "quarter_0004_Layer-1---5": {
                    "scale": [
                        {
                            "time": 0,
                            "x": 0.927,
                            "y": 1
                        },
                        {
                            "time": 0.3667,
                            "x": 0.995,
                            "y": 1
                        },
                        {
                            "time": 0.5,
                            "x": 1.044,
                            "y": 1
                        },
                        {
                            "time": 1,
                            "x": 0.927,
                            "y": 1
                        }
                    ]
                },
                "quarter_0006_Layer-1---7": {
                    "scale": [
                        {
                            "time": 0,
                            "x": 0.867,
                            "y": 1
                        },
                        {
                            "time": 0.3667,
                            "x": 0.995,
                            "y": 1
                        },
                        {
                            "time": 0.5,
                            "x": 1.044,
                            "y": 1
                        },
                        {
                            "time": 1,
                            "x": 0.867,
                            "y": 1
                        }
                    ]
                },
                "bone": {
                    "translate": [
                        {
                            "time": 0,
                            "x": -9.52,
                            "y": -1.33
                        },
                        {
                            "time": 0.2333,
                            "x": -8.59,
                            "y": 1.67
                        },
                        {
                            "time": 0.5,
                            "x": -9.52,
                            "y": -1.33
                        },
                        {
                            "time": 0.7333,
                            "x": -8.59,
                            "y": 1.67
                        },
                        {
                            "time": 1,
                            "x": -9.52,
                            "y": -1.33
                        }
                    ]
                },
                "quarter_0005_Layer-1---7": {
                    "rotate": [
                        {
                            "time": 0,
                            "angle": 8.45,
                            "curve": "stepped"
                        },
                        {
                            "time": 0.5,
                            "angle": 8.45
                        },
                        {
                            "time": 0.6333,
                            "angle": 41.13
                        },
                        {
                            "time": 0.8667,
                            "angle": -7.23
                        },
                        {
                            "time": 1,
                            "angle": 8.45
                        }
                    ]
                },
                "chest": {
                    "rotate": [
                        {
                            "time": 0,
                            "angle": 2.69
                        },
                        {
                            "time": 0.0333,
                            "angle": 3.23
                        },
                        {
                            "time": 0.1,
                            "angle": 4.31
                        },
                        {
                            "time": 0.3333,
                            "angle": 0
                        },
                        {
                            "time": 0.6,
                            "angle": 4.31
                        },
                        {
                            "time": 0.8333,
                            "angle": 0
                        },
                        {
                            "time": 1,
                            "angle": 2.69
                        }
                    ],
                    "translate": [
                        {
                            "time": 0,
                            "x": 0.09,
                            "y": -1.66
                        },
                        {
                            "time": 0.0667,
                            "x": 0,
                            "y": -2.96
                        },
                        {
                            "time": 0.3,
                            "x": 0.37,
                            "y": 2.22
                        },
                        {
                            "time": 0.5667,
                            "x": 0,
                            "y": -2.96
                        },
                        {
                            "time": 0.8,
                            "x": 0.37,
                            "y": 2.22
                        },
                        {
                            "time": 1,
                            "x": 0.09,
                            "y": -1.66
                        }
                    ]
                },
                "chest2": {
                    "rotate": [
                        {
                            "time": 0,
                            "angle": -2.77
                        },
                        {
                            "time": 0.1,
                            "angle": -5.5
                        },
                        {
                            "time": 0.6,
                            "angle": 8.15
                        },
                        {
                            "time": 1,
                            "angle": -2.77
                        }
                    ]
                },
                "chest5": {
                    "translate": [
                        {
                            "time": 0,
                            "x": -0.02,
                            "y": -3.7
                        },
                        {
                            "time": 0.1,
                            "x": -0.02,
                            "y": -4.63
                        },
                        {
                            "time": 0.6,
                            "x": 0,
                            "y": 0
                        },
                        {
                            "time": 1,
                            "x": -0.02,
                            "y": -3.7
                        }
                    ]
                },
                "chest4": {
                    "translate": [
                        {
                            "time": 0,
                            "x": 0.02,
                            "y": 3.5
                        },
                        {
                            "time": 0.1,
                            "x": 0.02,
                            "y": 4.37
                        },
                        {
                            "time": 0.6,
                            "x": 0,
                            "y": 0
                        },
                        {
                            "time": 1,
                            "x": 0.02,
                            "y": 3.5
                        }
                    ]
                },
                "Side_0010_Layer-11": {
                    "rotate": [
                        {
                            "time": 0,
                            "angle": 7.42
                        },
                        {
                            "time": 0.1,
                            "angle": 8.45
                        },
                        {
                            "time": 0.6,
                            "angle": 3.28
                        },
                        {
                            "time": 1,
                            "angle": 7.42
                        }
                    ]
                },
                "Side_0007_Layer-12": {
                    "rotate": [
                        {
                            "time": 0,
                            "angle": -2.66
                        },
                        {
                            "time": 0.1,
                            "angle": -5.6
                        },
                        {
                            "time": 0.6,
                            "angle": 9.13
                        },
                        {
                            "time": 1,
                            "angle": -2.66
                        }
                    ]
                },
                "Side_0006_Layer-12-copy": {
                    "rotate": [
                        {
                            "time": 0,
                            "angle": -17.45
                        },
                        {
                            "time": 0.1,
                            "angle": -21.54
                        },
                        {
                            "time": 0.6,
                            "angle": -1.09
                        },
                        {
                            "time": 1,
                            "angle": -17.45
                        }
                    ]
                },
                "hand": {
                    "rotate": [
                        {
                            "time": 0,
                            "angle": 7.92
                        }
                    ],
                    "translate": [
                        {
                            "time": 0,
                            "x": 1.99,
                            "y": 1.13
                        },
                        {
                            "time": 0.1,
                            "x": 3.37,
                            "y": -0.2
                        },
                        {
                            "time": 0.3333,
                            "x": -0.07,
                            "y": 2.93
                        },
                        {
                            "time": 0.6,
                            "x": -1.25,
                            "y": -1.07
                        },
                        {
                            "time": 0.8333,
                            "x": -0.3,
                            "y": 3.33
                        },
                        {
                            "time": 1,
                            "x": 1.99,
                            "y": 1.13
                        }
                    ]
                },
                "chest3": {
                    "rotate": [
                        {
                            "time": 0,
                            "angle": 1.82
                        },
                        {
                            "time": 0.1,
                            "angle": 3.45
                        },
                        {
                            "time": 0.3333,
                            "angle": -0.9
                        },
                        {
                            "time": 0.6,
                            "angle": 3.45
                        },
                        {
                            "time": 0.8333,
                            "angle": -0.9
                        },
                        {
                            "time": 1,
                            "angle": 1.82
                        }
                    ],
                    "translate": [
                        {
                            "time": 0,
                            "x": -1.05,
                            "y": 0.22
                        },
                        {
                            "time": 0.1,
                            "x": -2.27,
                            "y": 0.56
                        },
                        {
                            "time": 0.3333,
                            "x": 0.98,
                            "y": -0.36
                        },
                        {
                            "time": 0.6,
                            "x": -2.27,
                            "y": 0.56
                        },
                        {
                            "time": 0.8333,
                            "x": 0.98,
                            "y": -0.36
                        },
                        {
                            "time": 1,
                            "x": -1.05,
                            "y": 0.22
                        }
                    ]
                },
                "quarter_0006_Layer-1---8": {
                    "rotate": [
                        {
                            "time": 0,
                            "angle": 0
                        },
                        {
                            "time": 0.1667,
                            "angle": 25.42
                        },
                        {
                            "time": 0.2667,
                            "angle": 32.05
                        },
                        {
                            "time": 0.3667,
                            "angle": -23.86
                        },
                        {
                            "time": 0.5,
                            "angle": 0
                        }
                    ]
                }
            }
        }
    }
}
